,,,,,,,,,,,,,,,,,,,,,,,,,,,,,,,,,,,,,,,,Agisoft,,,,,,,,,Viscore,,,,,,ArcGIS,,,,,,,,,,,,,,,,,,
Mission ID,Date,Cruise Leg,Photographer,Team,OCC Site ID,Island,Camera #,Site,Survey Type,Sector,Reef Zone,Depth Bin,Survey Size,Lat (N),Long (E),A Marker #,A Depth (m),B Marker #,B Depth (m),C Marker #,C Depth (m),D Marker #,D Depth (m),Cap #1 Note,Cap #1 Depth (m),Focal Scale Bar,PICLEA FIle Path,Images Sorted,total images shot,Total image data size (GB),Field Notes,Notes,QC images & field data,Mosaic Rugosity Level,Color Correct,Exposure Correct,Repeated Segment (if none leave blank),Status,Mosaic Issues,Modeling Priority,# of photos used in model,Computer used to run model,# models running simultaneously,SPC,SCALING AND SPC QC,Export products,Total data size Agisoft (GB),Model Notes,STRUCTURAL COMPLECITY PROCEEDD & EXPORT,Convert to vml,Link Images,Scale,Orient ,Notes,Assigned to:,Priority,Rescale & Draw segments (Time Setup),Size Colonies,ID & % Mortality,Recent Dead and Condition,Juveniles,Annotation Time,Notes,Date Annotated,# Segments Annotated,Annotation Platform,Annotation QC total time,"Source Data (photos, spreadsheets, etc)",Region,"Archive (when, what mechanism - journal or NCEI)",Derived Products (When will it be ready to archive?),Publication,Steps for data
SE2602,5/30/2026,Leg 2,RML,Fish,,ROS,12,ROS-5365,belt,NMSAS_MULIAVA,Forereef,Mid,3x20m,-14.5377,-168.172,"21,22",14.3256,"23,24",14.3256,"79,80",14.6304,"96,97",15.5448,NA,NA,,N:\StRS_Sites\2026\SE2602_PRIA_SAMOA_SAMOA\ROS\ROS-5365,Yes,2895,31.8,Surgy,,CA,NA,No,No,,completed,,,,PICBELUGA,,,,,,,,,,,,,"RML; Calibration seg 0, 5, or 10",1,,,,,,,,,,,,,,,,,
SE2602,5/22/2026,Leg 2,SJD,Fish,,TUT,16,TUT-6171,belt,TUT_FAGATELE,Forereef,Mid,3x20m,-14.3664,-170.763,"3,4",12.8016,"37,38",12.4968,"57,58",12.192,"67,68",12.192,NA,NA,,N:\StRS_Sites\2026\SE2602_PRIA_SAMOA_SAMOA\TUT\TUT-6171,Yes,1840,24.8,,,SJD,NA,No,No,,completed,,,,PICBELUGA,,,,,,,,,,,,,MNW; Calibration seg 10,1,,,,,,,,,,,,,,,,,
SE2602,4/23/2026,Leg 1,RML,Fish,,PAL,20,PAL-5261,belt,,Forereef,Shallow,3x20m,5.893814,-162.056,"21,22",6.4008,"23,24",4.8768,"79,80",5.4864,"96,97",4.572,NA,NA,,N:\StRS_Sites\2026\SE2602_Line_PRIAs\PAL\PAL-5261,Yes,3625,41.1,very surgy & spur & groove,,RML,NA,No,No,,completed,,,,PICBELUGA,,,,,,,,,,,,,MSL; Calibration seg 10,1,,,,,,,spur and groove,,,,,,,,,,
SE2602,5/27/2026,Leg 2,M_C,Fish,,TAU,22,TAU-1344,belt,NMSAS_TAU,Forereef,Deep,3x15m,-14.2696,-169.496,"21,22",18.288,"23,24",18.8976,"79,80",20.4216,,NA,NA,NA,,N:\StRS_Sites\2026\SE2602_PRIA_SAMOA_SAMOA\TAU\TAU-1344,Yes,1377,16.2,,,M_C,NA,No,No,,completed,,,,PICBLUEFIN,,,,,,,,,,,,,SJD; Calibration seg 5,1,,,,,,,,,,,,,,,,,
SE2602,4/29/2026,Leg 1,RML,Fish,,KIN,25,KIN-5194,belt,,Lagoon,Mid,3x20m,6.397183,-162.384,"10,11",14.9352,"27,28",15.24,"40,41",15.24,"89,90",15.24,NA,NA,,N:\StRS_Sites\2026\SE2602_Line_PRIAs\KIN\KIN-5194,Yes,2415,18.4,,Some dark images,RML,NA,No,Yes,,completed,,,,PICBELUGA,,,,,,,,,,,,,CGA; Calibration seg 5,1,,,,,,,,,,,,,,,,,
SE2602,4/28/2026,Leg 1,M_C,Fish,,KIN,20,KIN-5192,belt,,Lagoon,Mid,3x20m,6.39708,-162.435,"21,22",16.4592,"23,24",16.4592,"79,80",16.4592,"96,97",17.3736,NA,NA,,N:\StRS_Sites\2026\SE2602_Line_PRIAs\KIN\KIN-5192,Yes,1658,17.5,,,DTP,NA,No,No,,completed,,,,PICSQ99,,,,,,,,,,,,,MNW; Calibration seg 10,1,,,,,,,,,,,,,,,,,
SE2602,5/29/2026,Leg 2,JV,Fish,,ROS,23,ROS-5347,belt,NMSAS_MULIAVA,Forereef,Mid,3x20m,-14.5414,-168.144,"21,22",11.8872,"23,24",11.2776,"79,80",12.4968,"96,97",11.2776,NA,NA,,N:\StRS_Sites\2026\SE2602_PRIA_SAMOA_SAMOA\ROS\ROS-5347,Yes,2241,26.2,,,JV,NA,No,No,,completed,,,,PICBELUGA,,,,,,,,,,,,,MSL,1,,,,,,,,,,,,,,,,,
SE2602,4/23/2026,Leg 1,MNW,Fish,,PAL,20,PAL-5253,belt,,Forereef,Deep,3x15m,5.890935,-162.049,"21,22",21.6408,"23,24",23.1648,"79,80",21.6408,,NA,NA,NA,,N:\StRS_Sites\2026\SE2602_Line_PRIAs\PAL\PAL-5253,Yes,1803,21.4,,,BHEDGER,NA,No,No,,completed,,,,PICBLUEFIN,,,,,,,,,,,,,New Annotator,1,,,,,,,,,,,,,,,,,
SE2602,5/30/2026,Leg 2,J_C,Fish,,ROS,12,ROS-5339,belt,NMSAS_MULIAVA,Forereef,Deep,3x15m,-14.5368,-168.168,"21,22",26.8224,"23,24",26.2128,"79,80",26.5176,,NA,NA,NA,,N:\StRS_Sites\2026\SE2602_PRIA_SAMOA_SAMOA\ROS\ROS-5339,Yes,1344,14.7,,,CA,NA,No,No,,NA,,,,NA,,,,,,,,,,,,,,1,,,,,,,,,,,,,,,,,
SE2602,5/29/2026,Leg 2,VAB,Fish,,ROS,18,ROS-5341,belt,NMSAS_MULIAVA,Forereef,Deep,3x15m,-14.543,-168.143,"21,22",26.8224,"23,24",28.956,"79,80",26.8224,,NA,NA,NA,,N:\StRS_Sites\2026\SE2602_PRIA_SAMOA_SAMOA\ROS\ROS-5341,Yes,807,11.5,,"Camera would not white balance (Busy please wait) but images look ok
 
  Only 3 passes were made due to NDL - 2 at 50cm and one 1m.",CA,NA,No,No,,NA,,,,NA,,,,,,,,,,,,,,1,,,,,,,,,,,,,,,,,
SE2602,6/7/2026,Leg 2,J_C,Fish,,ROS,21,ROS-5376,belt,NMSAS_MULIAVA,Forereef,Shallow,3x20m,-14.551,-168.167,"21,22",4.2672,"23,24",5.4864,"79,80",4.8768,"93,94",5.7912,NA,NA,,N:\StRS_Sites\2026\SE2602_PRIA_SAMOA_SAMOA\ROS\ROS-5376,Yes,2171,25.3,,,J_C,NA,No,No,,NA,,,,NA,,,,,,,,,,,,,,1,,,,,,,,,,,,,,,,,
SE2602,5/30/2026,Leg 2,SH,Fish,,ROS,26,ROS-5381,belt,NMSAS_MULIAVA,Forereef,Shallow,3x20m,-14.5356,-168.161,"3,4",5.4864,"37,38",5.1816,"57,58",5.7912,"67,68",5.4864,NA,NA,,N:\StRS_Sites\2026\SE2602_PRIA_SAMOA_SAMOA\ROS\ROS-5381,Yes,1800,20,,surge was surging :/,SH,NA,No,No,,NA,,,,NA,,,,,,,,,,,,,,1,,,,,,,,,,,,,,,,,
SE2602,7/10/2026,Leg 3,A_S,Fish,,SWA,21,SWA-1033,belt,NMSAS_SWA_OPEN,Forereef,Deep,3x15m,-11.0515,-171.092,"21,22",24.384,"23,24",25.6032,"79,80",24.384,,NA,NA,NA,,N:\StRS_Sites\2026\SE2602_PRIA_SAMOA_SAMOA\SWA\SWA-1033,Yes,2597,29.9,,,LLUERS,NA,No,No,,NA,,,,NA,,,,,,,,,,,,,,1,,,,,,,,,,,,,,,,,
SE2602,7/11/2026,Leg 3,LHL,Fish,,SWA,23,SWA-1035,belt,NMSAS_SWA_OPEN,Forereef,Deep,3x15m,-11.0572,-171.092,"21,22",22.5552,"23,24",24.9936,"79,80",21.9456,,NA,NA,NA,,N:\StRS_Sites\2026\SE2602_PRIA_SAMOA_SAMOA\SWA\SWA-1035,Yes,1365,20.8,,,LHL,NA,No,No,,NA,,,,NA,,,,,,,,,,,,,,1,,,,,,,,,,,,,,,,,
SE2602,7/11/2026,Leg 3,ZTT,Fish,,SWA,8,SWA-1038,belt,NMSAS_SWA_OPEN,Forereef,Mid,3x20m,-11.0536,-171.092,"10,11",13.4112,"27,28",14.3256,"40,41",13.1064,"89,90",14.0208,NA,NA,,N:\StRS_Sites\2026\SE2602_PRIA_SAMOA_SAMOA\SWA\SWA-1038,Yes,1572,17.2,,,MSL,NA,No,No,,NA,,,,NA,,,,,,,,,,,,,,1,,,,,,,,,,,,,,,,,
SE2602,7/9/2026,Leg 3,SJD,Fish,,SWA,20,SWA-1040,belt,NMSAS_SWA_OPEN,Forereef,Mid,3x20m,-11.0588,-171.091,"3,4",10.668,"51,52",10.0584,"83,84",10.9728,"91,92",12.192,NA,NA,,N:\StRS_Sites\2026\SE2602_PRIA_SAMOA_SAMOA\SWA\SWA-1040,Yes,1945,22.8,,surgey,SJD,NA,No,No,,NA,,,,NA,,,,,,,,,,,,,,1,,,,,,,,,,,,,,,,,
SE2602,7/9/2026,Leg 3,JWS,Fish,,SWA,12,SWA-1049,belt,NMSAS_SWA_OPEN,Forereef,Shallow,3x20m,-11.063,-171.071,"21,22",5.4864,"23,24",6.096,"79,80",5.4864,"96,97",5.4864,NA,NA,,N:\StRS_Sites\2026\SE2602_PRIA_SAMOA_SAMOA\SWA\SWA-1049,Yes,1660,19,,,LHL,NA,No,No,,NA,,,,NA,,,,,,,,,,,,,,1,,,,,,,,,,,,,,,,,
SE2602,7/11/2026,Leg 3,CA,Fish,,SWA,23,SWA-1050,belt,NMSAS_SWA_OPEN,Forereef,Shallow,3x20m,-11.0525,-171.092,"21,22",5.1816,"23,24",4.8768,"79,80",5.1816,"96,97",5.1816,NA,NA,,N:\StRS_Sites\2026\SE2602_PRIA_SAMOA_SAMOA\SWA\SWA-1050,Yes,2297,26,,surgey and hard to get into grooves/along walls. ACSP and STYS at the site,CA,NA,No,No,,NA,,,,NA,,,,,,,,,,,,,,1,,,,,,,,,,,,,,,,,
SE2602,7/10/2026,Leg 3,JWS,Fish,,SWA,21,SWA-1000,belt,NMSAS_SWAINS,Forereef,Deep,3x15m,-11.0486,-171.09,"21,22",22.5552,"23,24",19.812,"79,80",19.5072,,NA,NA,NA,,N:\StRS_Sites\2026\SE2602_PRIA_SAMOA_SAMOA\SWA\SWA-1000,Yes,1937,23.2,,no slate photo,LLUERS,NA,No,No,,NA,,,,NA,,,,,,,,,,,,,,1,,,,,,,,,,,,,,,,,
SE2602,7/9/2026,Leg 3,A_S,Fish,,SWA,12,SWA-1002,belt,NMSAS_SWAINS,Forereef,Deep,3x15m,-11.0517,-171.065,"21,22",25.6032,"23,24",25.6032,"79,80",24.6888,"96,97",NA,NA,NA,,N:\StRS_Sites\2026\SE2602_PRIA_SAMOA_SAMOA\SWA\SWA-1002,Yes,2096,24.6,,few dark images may need to be excluded or corrected,LHL,NA,No,No,,NA,,,,NA,,,,,,,,,,,,,,1,,,,,,,,,,,,,,,,,
SE2602,7/11/2026,Leg 3,A_S,Fish,,SWA,28,SWA-1008,belt,NMSAS_SWAINS,Forereef,Mid,3x20m,-11.0465,-171.082,"3,4",11.2776,"51,52",10.668,"83,84",-30.1752,"91,92",10.9728,NA,NA,,N:\StRS_Sites\2026\SE2602_PRIA_SAMOA_SAMOA\SWA\SWA-1008,Yes,2786,31.2,,,CA,NA,No,No,,NA,,,,NA,,,,,,,,,,,,,,1,,,,,,,,,,,,,,,,,
SE2602,7/9/2026,Leg 3,RML,Fish,,SWA,12,SWA-1010,belt,NMSAS_SWAINS,Forereef,Mid,3x20m,-11.0598,-171.067,"21,22",14.6304,"23,24",15.24,"79,80",14.3256,"96,97",15.24,NA,NA,,N:\StRS_Sites\2026\SE2602_PRIA_SAMOA_SAMOA\SWA\SWA-1010,Yes,2311,28,,,LHL,NA,No,No,,NA,,,,NA,,,,,,,,,,,,,,1,,,,,,,,,,,,,,,,,
SE2602,7/10/2026,Leg 3,CA,Benthic,,SWA,21,SWA-1024,belt,NMSAS_SWAINS,Forereef,Shallow,3x20m,-11.0455,-171.073,"21,22",5.4864,"23,24",4.8768,"79,80",3.6576,"96,97",3.3528,NA,NA,,N:\StRS_Sites\2026\SE2602_PRIA_SAMOA_SAMOA\SWA\SWA-1024,Yes,1969,21,,,LLUERS,NA,No,No,,NA,,,,NA,,,,,,,,,,,,,,1,,,,,,,,,,,,,,,,,
SE2602,7/11/2026,Leg 3,JWS,Fish,,SWA,5,SWA-1027,belt,NMSAS_SWAINS,Forereef,Shallow,3x20m,-11.0648,-171.086,"21,22",6.4008,"23,24",6.096,"79,80",5.1816,"96,97",5.1816,NA,NA,,N:\StRS_Sites\2026\SE2602_PRIA_SAMOA_SAMOA\SWA\SWA-1027,Yes,1689,17.2,SFM camera slow!,,JWS,NA,No,No,,NA,,,,NA,,,,,,,,,,,,,,1,,,,,,,,,,,,,,,,,
SE2602,5/27/2026,Leg 2,SJD,Fish,,TAU,22,TAU-1342,belt,NMSAS_TAU,Forereef,Deep,3x15m,-14.2501,-169.505,"21,22",23.7744,"23,24",24.9936,"79,80",25.2984,,NA,NA,NA,,N:\StRS_Sites\2026\SE2602_PRIA_SAMOA_SAMOA\TAU\TAU-1342,Yes,1182,17,,,SJD,NA,No,No,,NA,,,,NA,,,,,,,,,,,,,,1,,,,,,,,,,,,,,,,,
SE2602,5/27/2026,Leg 2,JV,Fish,,TAU,18,TAU-1375,belt,NMSAS_TAU,Forereef,Mid,3x20m,-14.2525,-169.504,"3,4",16.764,"37,38",16.764,"57,58",15.8496,"67,68",14.6304,NA,NA,,N:\StRS_Sites\2026\SE2602_PRIA_SAMOA_SAMOA\TAU\TAU-1375,Yes,2172,29,,,JV,NA,No,No,,NA,,,,NA,,,,,,,,,,,,,,1,,,,,,,,,,,,,,,,,
SE2602,5/27/2026,Leg 2,RML,Fish,,TAU,22,TAU-1378,belt,NMSAS_TAU,Forereef,Mid,3x20m,-14.2744,-169.494,"21,22",14.6304,"23,24",14.3256,"79,80",14.3256,"96,97",14.6304,NA,NA,,N:\StRS_Sites\2026\SE2602_PRIA_SAMOA_SAMOA\TAU\TAU-1378,Yes,1955,25.6,Surgy,,RML,NA,No,No,,NA,,,,NA,,,,,,,,,,,,,,1,,,,,,,,,,,,,,,,,
SE2602,5/27/2026,Leg 2,RML,Benthic,,TAU,22,TAU-1356,belt,NMSAS_TAU,Forereef,Shallow,3x20m,-14.2505,-169.504,"21,22",4.8768,"23,24",4.8768,"79,80",5.4864,"96,97",6.7056,NA,NA,,N:\StRS_Sites\2026\SE2602_PRIA_SAMOA_SAMOA\TAU\TAU-1356,Yes,2084,25.9,SUPER surgy. Error 20 on pass 5 - did not finish. Scale bars may have shifted.,,RML,NA,No,No,,NA,,,,NA,,,,,,,,,,,,,,1,,,,,,,,,,,,,,,,,
SE2602,5/27/2026,Leg 2,MNW,Fish,,TAU,18,TAU-1446,belt,NMSAS_TAU,Forereef,Shallow,3x20m,-14.2545,-169.501,"3,4",5.7912,"37,38",5.4864,"57,58",5.4864,"67,68",6.7056,NA,NA,,N:\StRS_Sites\2026\SE2602_PRIA_SAMOA_SAMOA\TAU\TAU-1446,Yes,1211,14,,"super sandy from surge earlier in dive, flew outside passes at 1m. Housing trigger felt a little weird at times, possible it didn't make correct contact w/trigger on cam.",MNW,NA,No,No,,NA,,,,NA,,,,,,,,,,,,,,1,,,,,,,,,,,,,,,,,
SE2602,5/26/2026,Leg 2,JV,Fish,,TAU,25,TAU-1359,belt,TAU_OPEN,Forereef,Deep,3x15m,-14.2174,-169.515,"21,22",27.7368,"23,24",27.7368,"79,80",27.432,,NA,NA,NA,,N:\StRS_Sites\2026\SE2602_PRIA_SAMOA_SAMOA\TAU\TAU-1359,Yes,1173,12.6,,,JV,NA,No,No,,completed,,,,PICSQ99,,,,,,,,,,,,,CGA,1,,,,,,,,,,,,,,,,,
SE2602,5/28/2026,Leg 2,M_C,Fish,,TAU,8,TAU-1467,belt,TAU_OPEN,Forereef,Deep,3x15m,-14.2405,-169.419,"21,22",21.0312,"23,24",20.4216,"79,80",21.336,,NA,NA,NA,,N:\StRS_Sites\2026\SE2602_PRIA_SAMOA_SAMOA\TAU\TAU-1467,Yes,1901,12.2,,,M_C,NA,No,No,,completed,,,,PICBELUGA,,,,,,,,,,,,,SJD,1,,,,,,,,,,,,,,,,,
SE2602,5/28/2026,Leg 2,SJD,Fish,,TAU,8,TAU-1414,belt,TAU_OPEN,Forereef,Mid,3x20m,-14.2498,-169.457,"21,22",15.24,"23,24",14.6304,"79,80",15.5448,"96,97",14.9352,NA,NA,,N:\StRS_Sites\2026\SE2602_PRIA_SAMOA_SAMOA\TAU\TAU-1414,Yes,1324,16.7,,,BHEDGER,NA,No,No,,NA,,,,NA,,,,,,,,,,,,,,1,,,,,,,,,,,,,,,,,
SE2602,5/26/2026,Leg 2,J_M,Fish,,TAU,21,TAU-1438,belt,TAU_OPEN,Forereef,Mid,3x20m,-14.2119,-169.46,"10,11",7.0104,"27,28",7.3152,"40,41",8.2296,"89,90",7.3152,NA,NA,,N:\StRS_Sites\2026\SE2602_PRIA_SAMOA_SAMOA\TAU\TAU-1438,Yes,2955,33.7,,,J_M,NA,No,No,,NA,,,,NA,,,,,,,,,,,,,,1,,,,,,,,,,,,,,,,,
SE2602,5/26/2026,Leg 2,JV,Fish,,TAU,25,TAU-1408,belt,TAU_OPEN,Forereef,Shallow,3x20m,-14.2143,-169.471,"21,22",5.1816,"23,24",5.1816,"79,80",5.4864,"96,97",5.4864,NA,NA,,N:\StRS_Sites\2026\SE2602_PRIA_SAMOA_SAMOA\TAU\TAU-1408,Yes,1173,12.6,,,JV,NA,No,No,,completed,,,,PICBLUEFIN,,,,,,,,,,,,,RML,1,,,,,,,,,,,,,,,,,
SE2602,5/28/2026,Leg 2,J_C,Fish,,TAU,8,TAU-1457,belt,TAU_OPEN,Forereef,Shallow,3x20m,-14.2519,-169.445,"21,22",5.4864,"23,24",5.1816,"79,80",5.4864,"96,97",5.1816,NA,NA,,N:\StRS_Sites\2026\SE2602_PRIA_SAMOA_SAMOA\TAU\TAU-1457,Yes,1627,16.9,,,J_C,NA,No,No,,NA,,,,NA,,,,,,,,,,,,,,1,,,,,,,,,,,,,,,,,
SE2602,6/4/2026,Leg 2,J_C,Fish,,TUT,25,TUT-6122,belt,TUT_AUNUU_A,Forereef,Deep,3x15m,-14.2947,-170.555,"21,22",20.7264,"23,24",21.0312,"79,80",20.7264,,NA,NA,NA,,N:\StRS_Sites\2026\SE2602_PRIA_SAMOA_SAMOA\TUT\TUT-6122,Yes,1780,17.2,,,J_C,NA,No,No,,completed,,,,PICBLUEFIN,,,,,,,,,,,,,MNW,1,,,,,,,,,,,,,,,,,
SE2602,6/4/2026,Leg 2,MNW,Fish,,TUT,26,TUT-6128,belt,TUT_AUNUU_A,Forereef,Mid,3x20m,-14.2969,-170.565,"21,22",13.716,"23,24",14.3256,"79,80",14.0208,"96,97",14.0208,NA,NA,,N:\StRS_Sites\2026\SE2602_PRIA_SAMOA_SAMOA\TUT\TUT-6128,Yes,1769,23.2,,,MNW,NA,No,No,,completed,,,,PICBLUEFIN,,,,,,,,,,,,,MSL,1,,,,,,,,,,,,,,,,,
SE2602,6/4/2026,Leg 2,VAB,Fish,,TUT,16,TUT-6129,belt,TUT_AUNUU_A,Forereef,Mid,3x20m,-14.2939,-170.561,"17,18",11.8872,"37,38",12.192,"57,58",12.192,"67,68",11.2776,NA,NA,,N:\StRS_Sites\2026\SE2602_PRIA_SAMOA_SAMOA\TUT\TUT-6129,Yes,1480,20.9,Current and strong surge made this SfM challenging.,Current and strong surge made this SfM challenging.,VAB,NA,No,No,,completed,,,,PICBLUEFIN,,,,,,,,,,,,,New Annotator,1,,,,,,,,,,,,,,,,,
SE2602,6/4/2026,Leg 2,VAB,Fish,,TUT,16,TUT-6125,belt,TUT_AUNUU_A,Forereef,Shallow,3x20m,-14.2915,-170.56,"17,18",6.7056,"37,38",7.3152,"57,58",7.0104,"67,68",7.0104,NA,NA,,N:\StRS_Sites\2026\SE2602_PRIA_SAMOA_SAMOA\TUT\TUT-6125,Yes,833,10.8,"SfM incomplete. Two 0.5m passes, one 1m, one 1.5m.","Surge and current made this SfM difficult. Completed two 0.5m passes, one 1m, and one 1.5m then aborted.",VAB,NA,No,No,,NA,,,,NA,,,,,,,,,,,,,,1,,,,,,,,,,,,,,,,,
SE2602,7/7/2026,Leg 3,A_S,Fish,,TUT,5,TUT-6138,belt,TUT_AUNUU_B,Forereef,Deep,3x15m,-14.2758,-170.539,"21,22",22.2504,"23,24",22.5552,"79,80",21.6408,"96,97",NA,NA,NA,,N:\StRS_Sites\2026\SE2602_PRIA_SAMOA_SAMOA\TUT\TUT-6138,Yes,1218,15.6,,Forgot to white balance on first pass. Started over and did 6 passes after white balancing.,CA,NA,No,No,,NA,,,,NA,,,,,,,,,,,,,,1,,,,,,,,,,,,,,,,,
SE2602,6/4/2026,Leg 2,RML,Fish,,TUT,25,TUT-6142,belt,TUT_AUNUU_B,Forereef,Deep,3x15m,-14.2756,-170.545,"21,22",26.5176,"23,24",25.2984,"79,80",24.9936,,NA,NA,NA,,N:\StRS_Sites\2026\SE2602_PRIA_SAMOA_SAMOA\TUT\TUT-6142,Yes,1328,15.1,,,BHEDGER,NA,No,No,,NA,,,,NA,,,,,,,,,,,,,,1,,,,,,,,,,,,,,,,,
SE2602,6/4/2026,Leg 2,J_C,Fish,,TUT,25,TUT-6144,belt,TUT_AUNUU_B,Forereef,Mid,3x20m,-14.2779,-170.549,"21,22",10.0584,"23,24",10.668,"79,80",9.7536,"96,97",10.0584,NA,NA,,N:\StRS_Sites\2026\SE2602_PRIA_SAMOA_SAMOA\TUT\TUT-6144,Yes,2029,27.2,,,J_C,NA,No,No,,completed,,,,PICBLUEFIN,,,,,,,,,,,,,CGA,1,,,,,,,,,,,,,,,,,
SE2602,6/4/2026,Leg 2,JV,Fish,,TUT,16,TUT-6146,belt,TUT_AUNUU_B,Forereef,Mid,3x20m,-14.2764,-170.547,"17,18",16.764,"37,38",16.4592,"57,58",16.1544,"67,68",15.5448,NA,NA,,N:\StRS_Sites\2026\SE2602_PRIA_SAMOA_SAMOA\TUT\TUT-6146,Yes,1650,24.1,,,JV,NA,No,No,,completed,,,,PICBELUGA,,,,,,,,,,,,,SJD,1,,,,,,,,,,,,,,,,,
SE2602,6/4/2026,Leg 2,JV,Fish,,TUT,16,TUT-6150,belt,TUT_AUNUU_B,Forereef,Shallow,3x20m,-14.279,-170.549,"17,18",4.572,"37,38",4.8768,"57,58",4.8768,"67,68",4.8768,NA,NA,,N:\StRS_Sites\2026\SE2602_PRIA_SAMOA_SAMOA\TUT\TUT-6150,Yes,2856,39.2,,SURGE CITY,JV,NA,No,No,,completed,,,,PICBLUEFIN,,,,,,,,,,,,,RML,1,,,,,,,,,,,,,,,,,
SE2602,7/7/2026,Leg 3,MSL,Fish,,TUT,5,TUT-6154,belt,TUT_AUNUU_B,Forereef,Shallow,3x20m,-14.2813,-170.546,"21,22",3.6576,"23,24",4.572,"79,80",4.8768,"96,97",5.1816,NA,NA,,N:\StRS_Sites\2026\SE2602_PRIA_SAMOA_SAMOA\TUT\TUT-6154,Yes,1390,15.9,shallow surgey plus slow camera...possible holes?,,CA,NA,No,No,,NA,,,,NA,,,,,,,,,,,,,,1,,,,,,,,,,,,,,,,,
SE2602,6/5/2026,Leg 2,J_C,Fish,,TUT,18,TUT-6158,belt,TUT_FAGALUA,Forereef,Deep,3x15m,-14.3634,-170.745,"21,22",20.7264,"23,24",19.2024,"79,80",18.8976,,NA,NA,NA,,N:\StRS_Sites\2026\SE2602_PRIA_SAMOA_SAMOA\TUT\TUT-6158,Yes,1521,22.5,,,BHEDGER,NA,No,No,,NA,,,,NA,,,,,,,,,,,,,,1,,,,,,,,,,,,,,,,,
SE2602,6/5/2026,Leg 2,JV,Fish,,TUT,12,TUT-6162,belt,TUT_FAGALUA,Forereef,Mid,3x20m,-14.3619,-170.752,"10,11",10.668,"27,28",11.8872,"40,41",12.192,"89,90",12.8016,NA,NA,,N:\StRS_Sites\2026\SE2602_PRIA_SAMOA_SAMOA\TUT\TUT-6162,Yes,1873,24,,,JV,NA,No,No,,NA,,,,NA,,,,,,,,,,,,,,1,,,,,,,,,,,,,,,,,
SE2602,6/5/2026,Leg 2,MNW,Fish,,TUT,18,TUT-6164,belt,TUT_FAGALUA,Forereef,Mid,3x20m,-14.3602,-170.749,"21,22",8.2296,"23,24",9.144,"79,80",9.4488,"96,97",10.3632,NA,NA,,N:\StRS_Sites\2026\SE2602_PRIA_SAMOA_SAMOA\TUT\TUT-6164,Yes,1956,21.2,,,BHEDGER,NA,No,No,,NA,,,,NA,,,,,,,,,,,,,,1,,,,,,,,,,,,,,,,,
SE2602,5/22/2026,Leg 2,M_C,Fish,,TUT,20,TUT-6167,belt,TUT_FAGATELE,Forereef,Deep,3x15m,-14.3687,-170.763,"21,22",21.0312,"23,24",21.336,"79,80",20.7264,,NA,NA,NA,,N:\StRS_Sites\2026\SE2602_PRIA_SAMOA_SAMOA\TUT\TUT-6167,Yes,1203,13.8,,,M_C,NA,No,No,,completed,,,,PICBLUEFIN,,,,,,,,,,,,,MNW,1,,,,,,,,,,,,,,,,,
SE2602,5/22/2026,Leg 2,RML,Fish,,TUT,20,TUT-6168,belt,TUT_FAGATELE,Forereef,Deep,3x15m,-14.3637,-170.763,"21,22",23.7744,"23,24",23.7744,"79,80",24.6888,,NA,NA,NA,,N:\StRS_Sites\2026\SE2602_PRIA_SAMOA_SAMOA\TUT\TUT-6168,Yes,1575,17.9,,,RML,NA,No,No,,completed,,,,PICBELUGA,,,,,,,,,,,,,MSL,1,,,,,,,,,,,,,,,,,
SE2602,5/22/2026,Leg 2,J_C,Fish,,TUT,16,TUT-6173,belt,TUT_FAGATELE,Forereef,Mid,3x20m,-14.3635,-170.768,"3,4",10.0584,"37,38",9.7536,"57,58",9.144,"67,68",9.7536,NA,NA,,N:\StRS_Sites\2026\SE2602_PRIA_SAMOA_SAMOA\TUT\TUT-6173,Yes,1801,21.7,,,J_C,NA,No,No,,completed,,,,PICBELUGA,,,,,,,,,,,,,New Annotator,1,,,,,,,,,,,,,,,,,
SE2602,5/22/2026,Leg 2,CA,Fish,,TUT,20,TUT-6174,belt,TUT_FAGATELE,Forereef,Mid,3x20m,-14.3625,-170.766,"21,22",11.5824,"23,24",10.9728,"79,80",10.3632,"96,97",11.2776,NA,NA,,N:\StRS_Sites\2026\SE2602_PRIA_SAMOA_SAMOA\TUT\TUT-6174,Yes,2102,22.5,,,BHEDGER,NA,No,No,,NA,,,,NA,,,,,,,,,,,,,,1,,,,,,,,,,,,,,,,,
SE2602,5/22/2026,Leg 2,SJD,Fish,,TUT,16,TUT-6175,belt,TUT_FAGATELE,Forereef,Shallow,3x20m,-14.365,-170.761,"3,4",2.1336,"37,38",2.7432,"57,58",1.8288,"67,68",2.7432,NA,NA,,N:\StRS_Sites\2026\SE2602_PRIA_SAMOA_SAMOA\TUT\TUT-6175,Yes,2000,24,,,SJD,NA,No,No,,completed,,,,PICBLUEFIN,,,,,,,,,,,,,CGA,1,,,,,,,,,,,,,,,,,
SE2602,5/22/2026,Leg 2,MNW,Fish,,TUT,16,TUT-6178,belt,TUT_FAGATELE,Forereef,Shallow,3x20m,-14.3625,-170.764,"3,4",4.2672,"37,38",4.572,"57,58",4.8768,"67,68",3.9624,NA,NA,,N:\StRS_Sites\2026\SE2602_PRIA_SAMOA_SAMOA\TUT\TUT-6178,Yes,1360,16.9,,surgey af,MNW,NA,No,No,,completed,,,,PICBLUEFIN,,,,,,,,,,,,,SJD,1,,,,,,,,,,,,,,,,,
SE2602,5/21/2026,Leg 2,SJD,Fish,,TUT,18,TUT-6187,belt,TUT_NE_OPEN,Forereef,Deep,3x15m,-14.2349,-170.672,"21,22",26.5176,"23,24",26.2128,"79,80",25.908,,NA,NA,NA,,N:\StRS_Sites\2026\SE2602_PRIA_SAMOA_SAMOA\TUT\TUT-6187,Yes,1432,21,,,SJD,NA,No,No,,completed,,,,PICBLUEFIN,,,,,,,,,,,,,RML,1,,,,,,,,,,,,,,,,,
SE2602,5/21/2026,Leg 2,JV,Fish,,TUT,18,TUT-6328,belt,TUT_NE_OPEN,Forereef,Deep,3x15m,-14.2546,-170.703,"21,22",23.7744,"23,24",23.1648,"79,80",24.384,,NA,NA,NA,,N:\StRS_Sites\2026\SE2602_PRIA_SAMOA_SAMOA\TUT\TUT-6328,Yes,1919,25.3,,,JV,NA,No,No,,completed,,,,PICBELUGA,,,,,,,,,,,,,MNW,1,,,,,,,,,,,,,,,,,
SE2602,6/2/2026,Leg 2,J_M,Fish,,TUT,20,TUT-6202,belt,TUT_NE_OPEN,Forereef,Mid,3x20m,-14.2565,-170.593,"3,4",13.4112,"37,38",11.5824,"57,58",13.716,"67,68",13.4112,NA,NA,,N:\StRS_Sites\2026\SE2602_PRIA_SAMOA_SAMOA\TUT\TUT-6202,Yes,3486,40.2,,,CA,NA,No,No,,completed,,,,PICBLUEFIN,,,,,,,,,,,,,MSL,1,,,,,,,,,,,,,,,,,
SE2602,5/21/2026,Leg 2,CA,Fish,,TUT,22,TUT-6203,belt,TUT_NE_OPEN,Forereef,Mid,3x20m,-14.2506,-170.69,"3,4",14.9352,"37,38",17.0688,"57,58",16.764,"67,68",17.9832,NA,NA,,N:\StRS_Sites\2026\SE2602_PRIA_SAMOA_SAMOA\TUT\TUT-6203,Yes,2305,30.4,,,CA,NA,No,No,,completed,,,,PICBLUEFIN,,,,,,,,,,,,,New Annotator,1,,,,,,,,,,,,,,,,,
SE2602,5/21/2026,Leg 2,MNW,Fish,,TUT,22,TUT-6193,belt,TUT_NE_OPEN,Forereef,Shallow,3x20m,-14.2619,-170.71,"3,4",6.096,"37,38",3.9624,"57,58",4.8768,"67,68",4.8768,NA,NA,,N:\StRS_Sites\2026\SE2602_PRIA_SAMOA_SAMOA\TUT\TUT-6193,Yes,1634,22.8,,,MNW,NA,No,No,,completed,,,,PICBELUGA,,,,,,,,,,,,,CGA,1,,,,,,,,,,,,,,,,,
SE2602,6/2/2026,Leg 2,CA,Fish,,TUT,20,TUT-6207,belt,TUT_NE_OPEN,Forereef,Shallow,3x20m,-14.2526,-170.625,,NA,"37,38",2.1336,"57,58",1.524,"67,68",1.2192,NA,NA,,N:\StRS_Sites\2026\SE2602_PRIA_SAMOA_SAMOA\TUT\TUT-6207,Yes,1796,19.1,,"blurry photos and potential model gaps due to swell. No A dagger used, but completed 3x20 survey",CA,NA,No,No,,completed,,,,PICBELUGA,,,,,,,,,,,,,SJD,1,,,,,,,,,,,,,,,,,
SE2602,5/24/2026,Leg 2,CEA,Fish,,TUT,12,TUT-6325,belt,TUT_NW_OPEN,Forereef,Deep,3x15m,-14.2905,-170.75,"10,11",24.384,"27,28",22.86,"40,41",22.86,,NA,NA,NA,,N:\StRS_Sites\2026\SE2602_PRIA_SAMOA_SAMOA\TUT\TUT-6325,Yes,1613,17.3,,,CEA,NA,No,No,,completed,,,,PICBELUGA,,,,,,,,,,,,,RML,1,,,,,,,,,,,,,,,,,
SE2602,5/21/2026,Leg 2,M_C,Fish,,TUT,18,TUT-6327,belt,TUT_NW_OPEN,Forereef,Deep,3x15m,-14.2713,-170.722,"21,22",24.384,"23,24",20.7264,"79,80",21.0312,,NA,NA,NA,,N:\StRS_Sites\2026\SE2602_PRIA_SAMOA_SAMOA\TUT\TUT-6327,Yes,1315,18.2,,,BHEDGER,NA,No,No,,completed,,,,PICBELUGA,,,,,,,,,,,,,MNW,1,,,,,,,,,,,,,,,,,
SE2602,5/23/2026,Leg 2,SJD,Fish,,TUT,25,TUT-6321,belt,TUT_NW_OPEN,Forereef,Mid,3x20m,-14.319,-170.843,"3,4",10.0584,"37,38",9.7536,"57,58",9.144,"67,68",8.8392,NA,NA,,N:\StRS_Sites\2026\SE2602_PRIA_SAMOA_SAMOA\TUT\TUT-6321,Yes,1929,24.1,,,SJD,NA,No,No,,completed,,,,PICBLUEFIN,,,,,,,,,,,,,MSL,1,,,,,,,,,,,,,,,,,
SE2602,5/21/2026,Leg 2,SJD,Fish,,TUT,18,TUT-6344,belt,TUT_NW_OPEN,Forereef,Mid,3x20m,-14.2698,-170.719,"21,22",14.6304,"23,24",13.716,"79,80",14.0208,"96,97",14.0208,NA,NA,,N:\StRS_Sites\2026\SE2602_PRIA_SAMOA_SAMOA\TUT\TUT-6344,Yes,1906,27.8,,,SJD,NA,No,No,,completed,,,,PICBLUEFIN,,,,,,,,,,,,,New Annotator,1,,,,,,,,,,,,,,,,,
SE2602,5/24/2026,Leg 2,JV,Fish,,TUT,18,TUT-6233,belt,TUT_NW_OPEN,Forereef,Shallow,3x20m,-14.2904,-170.757,"21,22",3.9624,"23,24",3.3528,"79,80",3.3528,"96,97",2.4384,NA,NA,,N:\StRS_Sites\2026\SE2602_PRIA_SAMOA_SAMOA\TUT\TUT-6233,Yes,2742,30.1,,,JV,NA,No,No,,completed,,,,PICBELUGA,,,,,,,,,,,,,CGA,1,,,,,,,,,,,,,,,,,
SE2602,5/24/2026,Leg 2,SJD,Fish,,TUT,12,TUT-6348,belt,TUT_NW_OPEN,Forereef,Shallow,3x20m,-14.2911,-170.789,"10,11",3.9624,"27,28",3.3528,"40,41",3.9624,"89,90",3.6576,NA,NA,,N:\StRS_Sites\2026\SE2602_PRIA_SAMOA_SAMOA\TUT\TUT-6348,Yes,1928,21.8,,,SJD,NA,No,No,,completed,,,,PICBELUGA,,,,,,,,,,,,,SJD,1,,,,,,,,,,,,,,,,,
SE2602,6/3/2026,Leg 2,RML,Fish,,TUT,23,TUT-6240,belt,TUT_SE_OPEN,Forereef,Deep,3x15m,-14.2802,-170.623,"10,11",23.1648,"27,28",23.4696,"40,41",21.9456,,NA,NA,NA,,N:\StRS_Sites\2026\SE2602_PRIA_SAMOA_SAMOA\TUT\TUT-6240,Yes,1616,18.9,,,RML,NA,No,No,,completed,,,,PICBLUEFIN,,,,,,,,,,,,,RML,1,,,,,,,,,,,,,,,,,
SE2602,6/3/2026,Leg 2,SJD,Fish,,TUT,26,TUT-6301,belt,TUT_SE_OPEN,Forereef,Deep,3x15m,-14.2797,-170.589,"21,22",25.6032,"23,24",24.9936,"79,80",25.2984,,NA,NA,NA,,N:\StRS_Sites\2026\SE2602_PRIA_SAMOA_SAMOA\TUT\TUT-6301,Yes,1493,14.8,,"Blue imagery-unable to white balance due to inability to press menu button, but grey card photos were taken",SJD,NA,Yes,No,,completed,,,,PICBLUEFIN,,,,,,,,,,,,,MNW,1,,,,,,,,,,,,,,,,,
SE2602,6/3/2026,Leg 2,J_M,Fish,,TUT,23,TUT-6250,belt,TUT_SE_OPEN,Forereef,Mid,3x20m,-14.2907,-170.637,"10,11",15.5448,"27,28",15.5448,"40,41",15.8496,"89,90",16.1544,NA,NA,,N:\StRS_Sites\2026\SE2602_PRIA_SAMOA_SAMOA\TUT\TUT-6250,Yes,2023,24.7,,,J_M,NA,No,No,,completed,,,,PICBLUEFIN,,,,,,,,,,,,,MSL,1,,,,,,,,,,,,,,,,,
SE2602,6/3/2026,Leg 2,M_C,Fish,,TUT,26,TUT-6261,belt,TUT_SE_OPEN,Forereef,Mid,3x20m,-14.2772,-170.581,"21,22",8.2296,"23,24",8.2296,"79,80",8.2296,"96,97",8.2296,NA,NA,,N:\StRS_Sites\2026\SE2602_PRIA_SAMOA_SAMOA\TUT\TUT-6261,Yes,1585,16.9,,,M_C,NA,No,No,,completed,,,,PICBLUEFIN,,,,,,,,,,,,,New Annotator,1,,,,,,,,,,,,,,,,,
SE2602,6/4/2026,Leg 2,J_M,Fish,,TUT,28,TUT-6211,belt,TUT_SE_OPEN,Forereef,Shallow,3x20m,-14.2844,-170.563,"10,11",5.7912,"27,28",6.7056,"40,41",5.1816,"89,90",6.096,NA,NA,,N:\StRS_Sites\2026\SE2602_PRIA_SAMOA_SAMOA\TUT\TUT-6211,Yes,2361,28.1,,,J_M,NA,No,No,,completed,,,,PICBELUGA,,,,,,,,,,,,,CGA,1,,,,,,,,,,,,,,,,,
SE2602,6/4/2026,Leg 2,M_C,Fish,,TUT,25,TUT-6256,belt,TUT_SE_OPEN,Forereef,Shallow,3x20m,-14.2733,-170.568,"21,22",5.7912,"23,24",5.4864,"79,80",4.8768,"96,97",6.096,NA,NA,,N:\StRS_Sites\2026\SE2602_PRIA_SAMOA_SAMOA\TUT\TUT-6256,Yes,1727,21.2,,,BHEDGER,NA,No,No,,NA,,,,NA,,,,,,,,,,,,,,1,,,,,,,,,,,,,,,,,
SE2602,6/3/2026,Leg 2,MNW,Fish,,TUT,25,TUT-6270,belt,TUT_SE_OPEN,Forereef,Shallow,3x20m,-14.2799,-170.608,"17,18",3.6576,"37,38",3.048,"57,58",3.9624,"67,68",3.6576,NA,NA,,N:\StRS_Sites\2026\SE2602_PRIA_SAMOA_SAMOA\TUT\TUT-6270,Yes,1480,14.3,,,SJD,NA,No,No,,completed,,,,PICBELUGA,,,,,,,,,,,,,SJD,1,,,,,,,,,,,,,,,,,
SE2602,5/22/2026,Leg 2,M_C,Fish,,TUT,20,TUT-6281,belt,TUT_SW_OPEN,Forereef,Deep,3x15m,-14.3617,-170.784,"21,22",26.8224,"23,24",25.908,"79,80",26.2128,,NA,NA,NA,,N:\StRS_Sites\2026\SE2602_PRIA_SAMOA_SAMOA\TUT\TUT-6281,Yes,1186,13.8,,,BHEDGER,NA,No,No,,NA,,,,NA,,,,,,,,,,,,,,1,,,,,,,,,,,,,,,,,
SE2602,5/23/2026,Leg 2,J_C,Fish,,TUT,23,TUT-6286,belt,TUT_SW_OPEN,Forereef,Deep,3x15m,-14.3334,-170.815,"21,22",21.336,"23,24",23.1648,"79,80",21.6408,,NA,NA,NA,,N:\StRS_Sites\2026\SE2602_PRIA_SAMOA_SAMOA\TUT\TUT-6286,Yes,1767,19.7,,,J_C,NA,No,No,,completed,,,,PICBLUEFIN,,,,,,,,,,,,,RML,1,,,,,,,,,,,,,,,,,
SE2602,5/23/2026,Leg 2,RML,Fish,,TUT,23,TUT-6318,belt,TUT_SW_OPEN,Forereef,Mid,3x20m,-14.3367,-170.792,"21,22",8.2296,"23,24",7.62,"79,80",7.9248,"96,97",7.9248,NA,NA,,N:\StRS_Sites\2026\SE2602_PRIA_SAMOA_SAMOA\TUT\TUT-6318,Yes,2337,24.8,,,RML,NA,No,No,,completed,,,,PICBLUEFIN,,,,,,,,,,,,,MNW,1,,,,,,,,,,,,,,,,,
SE2602,5/23/2026,Leg 2,SJD,Fish,,TUT,25,TUT-6320,belt,TUT_SW_OPEN,Forereef,Mid,3x20m,-14.3323,-170.826,"3,4",14.6304,"37,38",13.716,"57,58",15.24,"67,68",13.1064,NA,NA,,N:\StRS_Sites\2026\SE2602_PRIA_SAMOA_SAMOA\TUT\TUT-6320,Yes,1906,20.5,,rugose and very surgey,SJD,NA,No,No,,completed,,,,PICBELUGA,,,,,,,,,,,,,MSL,1,,,,,,,,,,,,,,,,,
SE2602,5/23/2026,Leg 2,JV,Fish,,TUT,23,TUT-6296,belt,TUT_SW_OPEN,Forereef,Shallow,3x20m,-14.3467,-170.789,"21,22",4.572,"23,24",4.8768,"79,80",6.7056,"96,97",6.096,NA,NA,,N:\StRS_Sites\2026\SE2602_PRIA_SAMOA_SAMOA\TUT\TUT-6296,Yes,2464,28.9,,,JV,NA,No,No,,NA,,,,NA,,,,,,,,,,,,,,1,,,,,,,,,,,,,,,,,
SE2602,5/23/2026,Leg 2,CA,Fish,,TUT,25,TUT-6297,belt,TUT_SW_OPEN,Forereef,Shallow,3x20m,-14.335,-170.803,"3,4",4.2672,"37,38",4.8768,"57,58",4.2672,"67,68",6.096,NA,NA,,N:\StRS_Sites\2026\SE2602_PRIA_SAMOA_SAMOA\TUT\TUT-6297,Yes,1861,21.1,,,CA,NA,No,No,,completed,,,,PICBLUEFIN,,,,,,,,,,,,,New Annotator,1,,,,,,,,,,,,,,,,,
SE2602,7/16/2026,Leg 3,A_S,Fish,,BAK,23,BAK-2120,belt,,Forereef,Deep,3x15m,0.192564,-176.457,"21,22",20.1168,"23,24",20.1168,"79,80",21.336,,NA,NA,NA,,N:\StRS_Sites\2026\SE2602_PRIA_SAMOA_SAMOA\BAK\BAK-2120,Yes,1863,26.4,,,CA,NA,No,No,,NA,,,,NA,,,,,,,,,,,,,,1,,,,,,,,,,,,,,,,,
SE2602,7/15/2026,Leg 3,LHL,Fish,,BAK,28,BAK-2128,belt,,Forereef,Deep,3x15m,0.202176,-176.465,"10,11",21.9456,"27,28",22.5552,"40,41",22.5552,,NA,NA,NA,,N:\StRS_Sites\2026\SE2602_PRIA_SAMOA_SAMOA\BAK\BAK-2128,Yes,1420,16.5,,,LHL,NA,No,No,,NA,,,,NA,,,,,,,,,,,,,,1,,,,,,,,,,,,,,,,,
SE2602,7/23/2026,Leg 3,A_S,Fish,,HOW,19,HOW-1121,belt,,Forereef,Deep,3x15m,0.799183,-176.621,"21,22",19.5072,"23,24",20.7264,"79,80",20.4216,,NA,NA,NA,,N:\StRS_Sites\2026\SE2602_PRIA_SAMOA_SAMOA\HOW\HOW-1121,Yes,3082,37,,,A_S,NA,No,No,,NA,,,,NA,,,,,,,,,,,,,,1,,,,,,,,,,,,,,,,,
SE2602,7/19/2026,Leg 3,CA,Fish,,HOW,5,HOW-1200,belt,,Forereef,Deep,3x15m,0.811433,-176.623,"21,22",20.7264,"23,24",20.1168,"79,80",20.7264,,NA,NA,NA,,N:\StRS_Sites\2026\SE2602_PRIA_SAMOA_SAMOA\HOW\HOW-1200,Yes,1608,14,survey collected on a drop-off,"couldn't white balance, took grey card pic, color looks okay enough. outer passes have blue water due from the drop-off. I removed ~60 photos which could cause holes",CA,NA,Yes,No,,NA,,,,NA,,,,,,,,,,,,,,1,,,,,,,,,,,,,,,,,
SE2602,5/4/2026,Leg 1,A_S,Fish,,JAR,5,JAR-2081,belt,,Forereef,Deep,3x15m,-0.38034,-159.972,"21,22",23.1648,"23,24",23.1648,"79,80",23.1648,,NA,NA,NA,,N:\StRS_Sites\2026\SE2602_Line_PRIAs\JAR\JAR-2081,Yes,2562,16.1,,,A_S,NA,No,No,,completed,,,,PICBELUGA,,,,,,,,,,,,,CGA,1,,,,,,,,,,,,,,,,,
SE2602,5/3/2026,Leg 1,MNW,Fish,,JAR,20,JAR-2186,belt,,Forereef,Deep,3x15m,-0.37442,-160.013,"21,22",20.1168,"23,24",20.1168,"79,80",20.7264,,NA,NA,NA,,N:\StRS_Sites\2026\SE2602_Line_PRIAs\JAR\JAR-2186,Yes,1617,19.6,,,MNW,NA,No,No,,completed,,,,PICBELUGA,,,,,,,,,,,,,SJD,1,,,,,,,,,,,,,,,,,
SE2602,4/26/2026,Leg 1,MNW,Fish,,KIN,23,KIN-5151,belt,,Backreef,Deep,3x15m,6.39306,-162.348,"21,22",21.0312,"23,24",20.7264,"79,80",20.7264,,NA,NA,NA,,N:\StRS_Sites\2026\SE2602_Line_PRIAs\KIN\KIN-5151,Yes,1829,23.7,,,MNW,NA,No,No,,completed,,,,PICBELUGA,,,,,,,,,,,,,RML,1,,,,,,,,,,,,,,,,,
SE2602,4/29/2026,Leg 1,CEA,Benthic,,KIN,25,KIN-5152,belt,,Backreef,Deep,3x15m,6.390758,-162.35,"10,11",25.2984,"27,28",25.2984,"40,41",26.2128,,NA,NA,NA,,N:\StRS_Sites\2026\SE2602_Line_PRIAs\KIN\KIN-5152,Yes,1617,15,,,CEA,NA,No,No,,completed,,,,PICBELUGA,,,,,,,,,,,,,MNW,1,,,,,,,,,,,,,,,,,
SE2602,4/27/2026,Leg 1,A_S,Fish,,KIN,18,KIN-5155,belt,,Forereef,Deep,3x15m,6.429091,-162.372,"21,22",20.7264,"23,24",21.336,"79,80",20.7264,,NA,NA,NA,,N:\StRS_Sites\2026\SE2602_Line_PRIAs\KIN\KIN-5155,Yes,1875,22.6,,,A_S,NA,No,No,,completed,,,,PICBELUGA,,,,,,,,,,,,,MSL,1,,,,,,,,,,,,,,,,,
SE2602,4/26/2026,Leg 1,RML,Fish,,KIN,23,KIN-5156,belt,,Forereef,Deep,3x15m,6.37943,-162.415,"21,22",23.4696,"23,24",24.6888,"79,80",24.9936,,NA,NA,NA,,N:\StRS_Sites\2026\SE2602_Line_PRIAs\KIN\KIN-5156,Yes,1654,18.9,,,RML,NA,No,No,,completed,,,,PICBLUEFIN,,,,,,,,,,,,,New Annotator,1,,,,,,,,,,,,,,,,,
SE2602,4/29/2026,Leg 1,ZTT,Fish,,KIN,23,KIN-5164,belt,,Lagoon,Deep,3x15m,6.398475,-162.452,"21,22",22.86,"23,24",22.86,"79,80",22.86,,NA,NA,NA,,N:\StRS_Sites\2026\SE2602_Line_PRIAs\KIN\KIN-5164,Yes,1681,20.1,,"could not white balance on this dive, but previous dive was at same depth so white balance seems okay",ZTT,NA,No,No,,completed,,,,PICBELUGA,,,,,,,,,,,,,CGA,1,,,,,,,,,,,,,,,,,
SE2602,4/24/2026,Leg 1,CEA,Oceanography,OCC-PAL-017,PAL,13,PAL-11,spiral,,,,12m,5.88323,-162.133,"10,11",13.716,"27,28",14.0208,"40,41",13.716,"89,90",14.3256,2,13.716,C,N:\Fixed_Sites\PRIAs\PAL\OCC-PAL-017\2026\20260424_OCC-PAL-017_SE2602_Line,Yes,4461,54,"Surgey and current, would suggest box next time. Two attempts at SfM.",zach forgot bearings...again!!,ZTT,,No,No,,,,,,,,,,,,,,,,,,,,,,,,,,,,,,,,,,,,,
SE2602,4/20/2026,Leg 1,ZTT,Oceanography,OCC-PAL-017,PAL,14,PAL-11,spiral,,,,12m,5.88323,-162.133,"10,11",14.0208,"27,28",13.716,"40,41",13.4112,"89,90",13.4112,1,13.4112,C,N:\Fixed_Sites\PRIAs\PAL\OCC-PAL-017\2026\20260420_OCC-PAL-017_SE2602_Line,Yes,4573,45.3,camera had error 20,"maybe not great white balancing, looked dark. Had to stop a few times so may be gaps in imagery",ZTT,,No,No,,,,,,,,,,,,,,,,,,,,,,,,,,,,,,,,,,,,,
SE2602,4/29/2026,Leg 1,A_S,Fish,,KIN,25,KIN-5166,belt,,Lagoon,Deep,3x15m,6.391967,-162.454,"10,11",22.2504,"27,28",21.9456,"40,41",22.2504,,NA,NA,NA,,N:\StRS_Sites\2026\SE2602_Line_PRIAs\KIN\KIN-5166,Yes,2251,24.1,,,A_S,NA,No,No,,completed,,,,PICBELUGA,,,,,,,,,,,,,SJD,1,,,,,,,,,,,,,,,,,
SE2602,4/29/2026,Leg 1,MSL,Fish,,KIN,23,KIN-5169,belt,,Lagoon,Deep,3x15m,6.413169,-162.431,"21,22",22.86,"23,24",24.0792,"79,80",23.4696,,NA,NA,NA,,N:\StRS_Sites\2026\SE2602_Line_PRIAs\KIN\KIN-5169,Yes,1774,20.9,,,J_C,NA,No,No,,completed,,,,PICBELUGA,,,,,,,,,,,,,RML,1,,,,,,,,,,,,,,,,,
SE2602,4/29/2026,Leg 1,ZTT,Fish,,KIN,23,KIN-5173,belt,,Protected Slope,Deep,3x15m,6.398576,-162.474,"21,22",21.336,"23,24",21.9456,"79,80",21.9456,,NA,NA,NA,,N:\StRS_Sites\2026\SE2602_Line_PRIAs\KIN\KIN-5173,Yes,1719,17.2,,"last pass is really dark? not sure what happened, maybe needs color correction?",ZTT,NA,No,No,,completed,,,,PICBELUGA,,,,,,,,,,,,,MNW,1,,,,,,,,,,,,,,,,,
SE2602,4/28/2026,Leg 1,RML,Fish,,KIN,20,KIN-5175,belt,,Protected Slope,Deep,3x15m,6.38567,-162.477,"21,22",20.7264,"23,24",21.0312,"79,80",21.0312,,NA,NA,NA,,N:\StRS_Sites\2026\SE2602_Line_PRIAs\KIN\KIN-5175,Yes,1397,16.1,,All images are dark,RML,NA,No,Yes,,NA,,,,NA,,,,,,,,,,,,,,1,,,,,,,,,,,,,,,,,
SE2602,6/8/2026,Leg 2,SJD,Fish,,OFU,20,OFU-1375,belt,,Forereef,Deep,3x15m,-14.1816,-169.605,"21,22",21.9456,"23,24",22.86,"79,80",23.1648,,NA,NA,NA,,N:\StRS_Sites\2026\SE2602_PRIA_SAMOA_SAMOA\OFU\OFU-1375,Yes,1562,18.2,,,SJD,NA,No,No,,NA,,,,NA,,,,,,,,,,,,,,1,,,,,,,,,,,,,,,,,
SE2602,6/6/2026,Leg 2,J_C,Fish,,OFU,8,OFU-1450,belt,,Forereef,Deep,3x15m,-14.1675,-169.687,"21,22",26.5176,"23,24",27.1272,"79,80",26.8224,,NA,NA,NA,,N:\StRS_Sites\2026\SE2602_PRIA_SAMOA_SAMOA\OFU\OFU-1450,Yes,1131,13.2,,,J_C,NA,No,No,,NA,,,,NA,,,,,,,,,,,,,,1,,,,,,,,,,,,,,,,,
SE2602,5/30/2026,Leg 2,CEA,Fish,,ROS,28,ROS-5390,belt,,Lagoon,Deep,3x15m,-14.5419,-168.154,"10,11",20.4216,"27,28",20.4216,"40,41",20.1168,,NA,NA,NA,,N:\StRS_Sites\2026\SE2602_PRIA_SAMOA_SAMOA\ROS\ROS-5390,Yes,1461,13.3,,,CA,NA,No,No,,completed,,,,PICBLUEFIN,,,,,,,,,,,,,MSL,1,,,,,,,,,,,,,,,,,
SE2602,6/7/2026,Leg 2,MNW,Fish,,ROS,16,ROS-5392,belt,,Lagoon,Deep,3x15m,-14.5478,-168.157,"17,18",24.6888,"37,38",24.384,"57,58",25.6032,,NA,NA,NA,,N:\StRS_Sites\2026\SE2602_PRIA_SAMOA_SAMOA\ROS\ROS-5392,Yes,1675,17.9,,Missing slate photo,MNW,NA,No,No,,NA,,,,NA,,,,,,,,,,,,,,1,,,,,,,,,,,,,,,,,
SE2602,7/15/2026,Leg 3,SJD,Fish,,BAK,12,BAK-2112,belt,,Forereef,Mid,3x20m,0.195278,-176.462,"21,22",10.0584,"23,24",10.3632,"79,80",10.9728,"96,97",10.9728,NA,NA,,N:\StRS_Sites\2026\SE2602_PRIA_SAMOA_SAMOA\BAK\BAK-2112,Yes,2054,24.4,,,SJD,NA,No,No,,NA,,,,NA,,,,,,,,,,,,,,1,,,,,,,,,,,,,,,,,
SE2602,7/17/2026,Leg 3,M_C,Fish,,BAK,20,BAK-2118,belt,,Forereef,Mid,3x20m,0.204676,-176.478,"21,22",12.8016,"23,24",10.3632,"79,80",11.2776,"96,97",11.5824,NA,NA,,N:\StRS_Sites\2026\SE2602_PRIA_SAMOA_SAMOA\BAK\BAK-2118,Yes,1750,18.8,,,,NA,No,No,,NA,,,,NA,,,,,,,,,,,,,,1,,,,,,,,,,,,,,,,,
SE2602,5/6/2026,Leg 1,ZTT,Fish,,JAR,20,JAR-2096,belt,,Forereef,Mid,3x20m,-0.37484,-159.977,"10,11",9.7536,"23,24",9.7536,"40,41",9.7536,"89,90",9.4488,NA,NA,,N:\StRS_Sites\2026\SE2602_Line_PRIAs\JAR\JAR-2096,Yes,1748,21.4,,,ZTT,NA,No,No,,completed,,,,PICBELUGA,,,,,,,,,,,,,New Annotator,1,,,,,,,,,,,,,,,,,
SE2602,5/2/2026,Leg 1,RML,Fish,,JAR,22,JAR-2187,belt,,Forereef,Mid,3x20m,-0.37187,-160.011,"21,22",12.4968,"23,24",13.1064,"79,80",13.4112,"96,97",13.716,NA,NA,,N:\StRS_Sites\2026\SE2602_Line_PRIAs\JAR\JAR-2187,Yes,2606,34.3,Foggy Mask - paused a lot to clear mask,,RML,NA,No,No,,completed,,,,PICBELUGA,,,,,,,,,,,,,CGA,1,,,,,,,,,,,,,,,,,
SE2602,4/27/2026,Leg 1,J_C,Fish,,KIN,18,KIN-5179,belt,,Backreef,Mid,3x20m,6.428267,-162.381,"21,22",10.9728,"23,24",10.3632,"79,80",11.5824,"96,97",10.668,NA,NA,,N:\StRS_Sites\2026\SE2602_Line_PRIAs\KIN\KIN-5179,Yes,2647,29.3,,,J_C,NA,No,No,,completed,,,,PICBELUGA,,,,,,,,,,,,,SJD,1,,,,,,,,,,,,,,,,,
SE2602,4/26/2026,Leg 1,MSL,Fish,,KIN,23,KIN-5216,belt,,Backreef,Mid,3x20m,6.38453,-162.367,"21,22",14.3256,"23,24",14.0208,"79,80",14.3256,"96,97",14.0208,NA,NA,,N:\StRS_Sites\2026\SE2602_Line_PRIAs\KIN\KIN-5216,Yes,2255,24,,,J_C,NA,No,No,,completed,,,,PICBELUGA,,,,,,,,,,,,,RML,1,,,,,,,,,,,,,,,,,
SE2602,4/28/2026,Leg 1,MSL,Fish,,KIN,5,KIN-5183,belt,,Forereef,Mid,3x20m,6.381049,-162.357,"17,18",7.9248,"37,38",8.5344,"57,58",7.62,"67,68",8.8392,NA,NA,,N:\StRS_Sites\2026\SE2602_Line_PRIAs\KIN\KIN-5183,Yes,1749,17.6,,,MNW,NA,No,No,,completed,,,,PICBELUGA,,,,,,,,,,,,,MNW,1,,,,,,,,,,,,,,,,,
SE2602,4/27/2026,Leg 1,M_C,Fish,,KIN,18,KIN-5185,belt,,Forereef,Mid,3x20m,6.436672,-162.385,"21,22",8.5344,"23,24",8.8392,"79,80",8.5344,"96,97",8.8392,NA,NA,,N:\StRS_Sites\2026\SE2602_Line_PRIAs\KIN\KIN-5185,Yes,1509,16.6,,,J_C,NA,No,No,,completed,,,,PICBELUGA,,,,,,,,,,,,,MSL,1,,,,,,,,,,,,,,,,,
SE2602,4/23/2026,Leg 1,CLL,Oceanography,OCC-PAL-008,PAL,19,PAL-25,spiral,,,,12m,5.86383,-162.031,"10,11",14.0208,"27,28",13.4112,"40,41",13.716,"89,90",14.9352,2,14.0208,C,N:\Fixed_Sites\PRIAs\PAL\OCC-PAL-008\2026\20260423_OCC-PAL-008_SE2602_Line,Yes,5558,64,Surgey site,,ZTT,,No,No,,,,,,,,,,,,,,,,,,,,,,,,,,,,,,,,,,,,,
SE2602,4/29/2026,Leg 1,J_C,Fish,,KIN,23,KIN-5200,belt,,Protected Slope,Mid,3x20m,6.401843,-162.462,"21,22",10.3632,"23,24",10.3632,"79,80",10.0584,"96,97",10.3632,NA,NA,,N:\StRS_Sites\2026\SE2602_Line_PRIAs\KIN\KIN-5200,Yes,1839,22,,,J_C,NA,No,No,,completed,,,,PICBELUGA,,,,,,,,,,,,,New Annotator,1,,,,,,,,,,,,,,,,,
SE2602,4/27/2026,Leg 1,LHL,Fish,,KIN,18,KIN-5208,belt,,Protected Slope,Mid,3x20m,6.44184,-162.397,"21,22",9.7536,"23,24",10.0584,"79,80",10.0584,"96,97",9.7536,NA,NA,,N:\StRS_Sites\2026\SE2602_Line_PRIAs\KIN\KIN-5208,Yes,1701,18.5,current and surge,"currenty, surgy",LHL,NA,No,No,,completed,,,,PICBLUEFIN,,,,,,,,,,,,,CGA,1,,,,,,,,,,,,,,,,,
SE2602,6/1/2026,Leg 2,RML,Fish,,OFU,18,OFU-1380,belt,,Forereef,Mid,3x20m,-14.1661,-169.627,"21,22",7.9248,"23,24",9.4488,"79,80",8.2296,"96,97",8.8392,NA,NA,,N:\StRS_Sites\2026\SE2602_PRIA_SAMOA_SAMOA\OFU\OFU-1380,Yes,2962,38.4,,Dark Images,CA,NA,No,Yes,,completed,,,,PICBELUGA,,,,,,,,,,,,,SJD,1,,,,,,,,,,,,,,,,,
SE2602,7/19/2026,Leg 3,CLL,Fish,,HOW,12,HOW-1126,belt,,Forereef,Mid,3x20m,0.81654,-176.625,"10,11",13.716,"27,28",16.4592,"40,41",15.24,"89,90",15.8496,NA,NA,,N:\StRS_Sites\2026\SE2602_PRIA_SAMOA_SAMOA\HOW\HOW-1126,Yes,1695,18.3,,,MSL,NA,No,No,,NA,,,,NA,,,,,,,,,,,,,,1,,,,,,,,,,,,,,,,,
SE2602,7/19/2026,Leg 3,A_S,Fish,,HOW,5,HOW-1142,belt,,Forereef,Mid,3x20m,0.805675,-176.621,"21,22",11.2776,"23,24",12.8016,"79,80",11.2776,"96,97",12.8016,NA,NA,,N:\StRS_Sites\2026\SE2602_PRIA_SAMOA_SAMOA\HOW\HOW-1142,Yes,3548,37.3,corallimorph site,,A_S,NA,No,No,,NA,,,,NA,,,,,,,,,,,,,,1,,,,,,,,,,,,,,,,,
SE2602,5/30/2026,Leg 2,CEA,Fish,,ROS,28,ROS-5387,belt,,Lagoon,Mid,3x20m,-14.543,-168.164,"10,11",11.5824,"27,28",11.2776,"40,41",11.8872,"89,90",12.8016,NA,NA,,N:\StRS_Sites\2026\SE2602_PRIA_SAMOA_SAMOA\ROS\ROS-5387,Yes,2312,24.8,,,CA,NA,No,No,,completed,,,,PICBLUEFIN,,,,,,,,,,,,,RML,1,,,,,,,,,,,,,,,,,
SE2602,6/6/2026,Leg 2,MNW,Fish,,OFU,8,OFU-1389,belt,,Forereef,Mid,3x20m,-14.1732,-169.684,"21,22",7.9248,"23,24",8.5344,"79,80",9.144,"96,97",8.8392,NA,NA,,N:\StRS_Sites\2026\SE2602_PRIA_SAMOA_SAMOA\OFU\OFU-1389,Yes,1695,17,,,MNW,NA,No,No,,NA,,,,NA,,,,,,,,,,,,,,1,,,,,,,,,,,,,,,,,
SE2602,6/7/2026,Leg 2,SH,Fish,,ROS,5,ROS-5394,belt,,Backreef,Mid,3x20m,-14.5413,-168.16,"21,22",9.144,"23,24",8.2296,"79,80",6.4008,"93,94",9.4488,NA,NA,,N:\StRS_Sites\2026\SE2602_PRIA_SAMOA_SAMOA\ROS\ROS-5394,Yes,2096,20.4,,Vertical wall... I did my best,SH,NA,No,No,,NA,,,,NA,,,,,,,,,,,,,,1,,,,,,,,,,,,,,,,,
SE2602,6/7/2026,Leg 2,SJD,Fish,,ROS,16,ROS-5397,belt,,Backreef,Mid,3x20m,-14.5517,-168.159,"17,18",8.2296,"37,38",7.9248,"57,58",7.9248,"67,68",7.62,NA,NA,,N:\StRS_Sites\2026\SE2602_PRIA_SAMOA_SAMOA\ROS\ROS-5397,Yes,1958,23.3,,,SJD,NA,No,No,,NA,,,,NA,,,,,,,,,,,,,,1,,,,,,,,,,,,,,,,,
SE2602,5/30/2026,Leg 2,JV,Fish,,ROS,28,ROS-5386,belt,,Lagoon,Mid,3x20m,-14.5487,-168.161,"10,11",17.9832,"27,28",17.3736,"40,41",17.9832,"89,90",17.9832,NA,NA,,N:\StRS_Sites\2026\SE2602_PRIA_SAMOA_SAMOA\ROS\ROS-5386,Yes,2509,22.9,,,JV,NA,No,No,,NA,,,,NA,,,,,,,,,,,,,,1,,,,,,,,,,,,,,,,,
SE2602,5/3/2026,Leg 1,A_S,Fish,,JAR,5,JAR-2151,belt,,Forereef,Shallow,3x20m,-0.37953,-160.014,"17,18",5.7912,"37,38",5.7912,"57,58",5.7912,"67,68",6.096,NA,NA,,N:\StRS_Sites\2026\SE2602_Line_PRIAs\JAR\JAR-2151,Yes,1898,21.6,,,BHEDGER,NA,No,No,,completed,,,,PICBELUGA,,,,,,,,,,,,,MNW,1,,,,,,,,,,,,,,,,,
SE2602,7/17/2026,Leg 3,CA,Fish,,BAK,20,BAK-2124,belt,,Forereef,Shallow,3x20m,0.199357,-176.484,"21,22",4.8768,"23,24",3.6576,"79,80",4.572,"96,97",3.9624,NA,NA,,N:\StRS_Sites\2026\SE2602_PRIA_SAMOA_SAMOA\BAK\BAK-2124,Yes,1933,21.7,corallimorph in model,"error 20 during last pass, surgey and currenty",CA,NA,No,No,,NA,,,,NA,,,,,,check,,,,,,,,1,,,,,,,,,,,,,,,,,
SE2602,7/18/2026,Leg 3,RCB,Fish,,BAK,12,BAK-2143,belt,,Forereef,Shallow,3x20m,0.193137,-176.488,"21,22",5.7912,"23,24",5.4864,"79,80",5.4864,"96,97",5.1816,NA,NA,,N:\StRS_Sites\2026\SE2602_PRIA_SAMOA_SAMOA\BAK\BAK-2143,Yes,1352,16,,,CA,NA,No,No,,NA,,,,NA,,,,,,,,,,,,,,1,,,,,,,,,,,,,,,,,
SE2602,5/5/2026,Leg 1,MNW,Fish,,JAR,22,JAR-2184,belt,,Forereef,Shallow,3x20m,-0.36823,-159.981,"21,22",6.096,"23,24",6.096,"79,80",6.4008,"96,97",6.4008,NA,NA,,N:\StRS_Sites\2026\SE2602_Line_PRIAs\JAR\JAR-2184,Yes,1654,21.3,,,LHL,NA,No,No,,completed,,,,PICSQ99,,,,,,,,,,,,,MSL,1,,,,,,,,,,,,,,,,,
SE2602,4/26/2026,Leg 1,RML,Fish,,KIN,23,KIN-5210,belt,,Backreef,Shallow,3x20m,6.385447,-162.357,"21,22",5.7912,"23,24",5.7912,"79,80",4.8768,"96,97",4.8768,NA,NA,,N:\StRS_Sites\2026\SE2602_Line_PRIAs\KIN\KIN-5210,Yes,2948,32.2,,,BHEDGER,NA,No,No,,completed,,,,PICBELUGA,,,,,,,,,,,,,New Annotator,1,,,,,,,,,,,,,,,,,
SE2602,4/27/2026,Leg 1,M_C,Fish,,KIN,18,KIN-5212,belt,,Backreef,Shallow,3x20m,6.415546,-162.364,"21,22",4.2672,"23,24",4.2672,"79,80",3.3528,"96,97",3.9624,NA,NA,,N:\StRS_Sites\2026\SE2602_Line_PRIAs\KIN\KIN-5212,Yes,1636,17.1,,,J_C,NA,No,No,,completed,,,,PICBELUGA,,,,,,,,,,,,,CGA,1,,,,,,,,,,,,,,,,,
SE2602,4/27/2026,Leg 1,A_S,Fish,,KIN,18,KIN-5221,belt,,Forereef,Shallow,3x20m,6.382188,-162.352,"21,22",5.7912,"23,24",5.7912,"79,80",4.8768,"96,97",4.572,NA,NA,,N:\StRS_Sites\2026\SE2602_Line_PRIAs\KIN\KIN-5221,Yes,2053,20.8,"Last dive, surge and rushing to make pick - Only 5 passes, may be kinda shit. Sorry.",,A_S,NA,No,No,,completed,,,,PICBELUGA,,,,,,,,,,,,,SJD,1,,,,,,,,,,,,,,,,,
SE2602,4/26/2026,Leg 1,DTP,Fish,,KIN,22,KIN-5225,belt,,Forereef,Shallow,3x20m,6.381737,-162.408,"17,18",5.7912,"37,38",6.096,"57,58",6.4008,"67,68",6.096,NA,NA,,N:\StRS_Sites\2026\SE2602_Line_PRIAs\KIN\KIN-5225,Yes,1469,16.5,,,DTP,NA,No,No,,completed,,,,PICBLUEFIN,,,,,,,,,,,,,RML,1,,,,,,,,,,,,,,,,,
SE2602,4/20/2026,Leg 1,J_C,Fish,,PAL,13,PAL-5171,belt,,Forereef,Deep,3x15m,5.86959,-162.131,"21,22",21.336,"23,24",21.0312,"79,80",21.336,,NA,NA,NA,,N:\StRS_Sites\2026\SE2602_Line_PRIAs\PAL\PAL-5171,Yes,1871,23,,Decent quality,J_C,NA,No,No,,completed,,,,PICBLUEFIN,,,,,,,,,,,,,MNW,1,,,,,,,,,,,,,,,,,
SE2602,6/1/2026,Leg 2,J_C,Fish,,OFU,18,OFU-1452,belt,,Forereef,Shallow,3x20m,-14.1637,-169.622,"21,22",2.1336,"23,24",2.4384,"79,80",2.1336,"96,97",2.4384,NA,NA,,N:\StRS_Sites\2026\SE2602_PRIA_SAMOA_SAMOA\OFU\OFU-1452,Yes,1637,19.4,,,J_C,NA,No,No,,completed,,,,PICBELUGA,,,,,,,,,,,,,MSL,1,,,,,,,,,,,,,,,,,
SE2602,4/24/2026,Leg 1,MNW,Fish,,PAL,25,PAL-5196,belt,,Forereef,Mid,3x20m,5.879284,-162.138,"17,18",16.4592,"37,38",16.1544,"57,58",16.1544,"67,68",16.1544,NA,NA,,N:\StRS_Sites\2026\SE2602_Line_PRIAs\PAL\PAL-5196,Yes,2561,30.6,,,LHL,NA,No,No,,completed,,,,PICBLUEFIN,,,,,,,,,,,,,New Annotator,1,,,,,,,,,,,,,,,,,
SE2602,7/23/2026,Leg 3,J_M,Fish,,HOW,19,HOW-1163,belt,,Forereef,Shallow,3x20m,0.792001,-176.613,"21,22",5.4864,"23,24",5.1816,"79,80",5.4864,"96,97",6.096,NA,NA,,N:\StRS_Sites\2026\SE2602_PRIA_SAMOA_SAMOA\HOW\HOW-1163,Yes,1635,20.2,Super surgey,,J_M,NA,No,No,,NA,,,,NA,,,,,,,,,,,,,,1,,,,,,,,,,,,,,,,,
SE2602,7/22/2026,Leg 3,RCB,Fish,,HOW,21,HOW-1161,belt,,Forereef,Shallow,3x20m,0.808882,-176.611,"10,11",5.4864,"27,28",6.096,"40,41",5.7912,"89,90",5.7912,NA,NA,,N:\StRS_Sites\2026\SE2602_PRIA_SAMOA_SAMOA\HOW\HOW-1161,Yes,1492,16.8,,,RCB,NA,No,No,,NA,,,,NA,,,,,,,,,,,,,,1,,,,,,,,,,,,,,,,,
SE2602,6/8/2026,Leg 2,MNW,Fish,,OFU,12,OFU-1431,belt,,Forereef,Shallow,3x20m,-14.1828,-169.677,"3,4",2.1336,"37,38",2.7432,"57,58",2.7432,"77,78",2.7432,NA,NA,,N:\StRS_Sites\2026\SE2602_PRIA_SAMOA_SAMOA\OFU\OFU-1431,Yes,1812,21.9,,,MNW,NA,No,No,,NA,,,,NA,,,,,,,,,,,,,,1,,,,,,,,,,,,,,,,,
SE2602,4/20/2026,Leg 1,RML,Fish,,PAL,25,PAL-5246,belt,,Forereef,Shallow,3x20m,5.872064,-162.125,"17,18",5.7912,"37,38",5.7912,"57,58",6.096,"67,68",5.7912,NA,NA,,N:\StRS_Sites\2026\SE2602_Line_PRIAs\PAL\PAL-5246,Yes,1805,20.4,V strong current. Only 5 passes. Hard to stay on transect.,"Some overexposed images, some dark images",RML,NA,No,Yes,,completed,,,,PICBELUGA,,,,,,,,,,,,,CGA,1,,,,,,,,,,,,,,,,,
SE2602,6/7/2026,Leg 2,M_C,Fish,,ROS,16,ROS-5329,belt,,Backreef,Shallow,3x20m,-14.5456,-168.165,"17,18",2.1336,"37,38",2.1336,"57,58",2.1336,,NA,NA,NA,,N:\StRS_Sites\2026\SE2602_PRIA_SAMOA_SAMOA\ROS\ROS-5329,Yes,1258,15.6,,,J_C,NA,No,No,,NA,,,,NA,,,,,,,,,,,,,,1,,,,,,,,,,,,,,,,,
SE2602,6/7/2026,Leg 2,MNW,Fish,,ROS,16,ROS-5331,belt,,Backreef,Shallow,3x20m,-14.5425,-168.148,"17,18",0.9144,"37,38",0.9144,"57,58",0.6096,,NA,NA,NA,,N:\StRS_Sites\2026\SE2602_PRIA_SAMOA_SAMOA\ROS\ROS-5331,Yes,1380,17.3,"No ""D"" marker since it was bent.",Snorkel survey,MNW,NA,No,No,,NA,,,,NA,,,,,,,,,,,,,,1,,,,,,,,,,,,,,,,,
SE2602,5/29/2026,Leg 2,JV,Fish,,ROS,23,ROS-5360,belt,NMSAS_MULIAVA,Forereef,Mid,3x20m,-14.5475,-168.17,"21,22",16.764,"23,24",17.6784,"79,80",16.4592,"96,97",18.5928,NA,NA,,N:\StRS_Sites\2026\SE2602_PRIA_SAMOA_SAMOA\ROS\ROS-5360,Yes,1624,21.1,,,CA,NA,No,No,,completed,,,,PICBLUEFIN,,,,,,,,,,,,,SJD,2,,,,,,,,,,,,,,,,,
SE2602,5/29/2026,Leg 2,M_C,Fish,,ROS,18,ROS-5374,belt,NMSAS_MULIAVA,Forereef,Mid,3x20m,-14.556,-168.149,"21,22",13.716,"23,24",15.24,"79,80",14.9352,"96,97",14.0208,NA,NA,,N:\StRS_Sites\2026\SE2602_PRIA_SAMOA_SAMOA\ROS\ROS-5374,Yes,1753,23.1,,,CA,NA,No,No,,completed,,,,PICBLUEFIN,,,,,,,,,,,,,RML,2,,,,,,,,,,,,,,,,,
SE2602,7/11/2026,Leg 3,RCB,Fish,,SWA,23,SWA-1046,belt,NMSAS_SWA_OPEN,Forereef,Shallow,3x20m,-11.0526,-171.092,"21,22",4.2672,"23,24",3.3528,"79,80",3.6576,"96,97",4.8768,NA,NA,,N:\StRS_Sites\2026\SE2602_PRIA_SAMOA_SAMOA\SWA\SWA-1046,Yes,1472,17.9,,,RCB,NA,No,No,,NA,,,,NA,,,,,,,,,,,,,,2,,,,,,,,,,,,,,,,,
SE2602,7/11/2026,Leg 3,A_S,Fish,,SWA,28,SWA-1022,belt,NMSAS_SWAINS,Forereef,Shallow,3x20m,-11.0473,-171.085,"3,4",3.6576,"51,52",4.2672,"83,84",3.6576,"91,92",3.9624,NA,NA,,N:\StRS_Sites\2026\SE2602_PRIA_SAMOA_SAMOA\SWA\SWA-1022,Yes,2292,25.9,,,MSL,NA,No,No,,NA,,,,NA,,,,,,,,,,,,,,2,,,,,,,,,,,,,,,,,
SE2602,5/28/2026,Leg 2,CEA,Fish,,TAU,12,TAU-1366,belt,TAU_OPEN,Forereef,Deep,3x15m,-14.2101,-169.425,"10,11",25.6032,"27,28",24.9936,"40,41",24.384,,NA,NA,NA,,N:\StRS_Sites\2026\SE2602_PRIA_SAMOA_SAMOA\TAU\TAU-1366,Yes,1300,16.9,,,J_M,NA,No,No,,NA,,,,NA,,,,,,,,,,,,,,2,,,,,,,,,,,,,,,,,
SE2602,5/28/2026,Leg 2,CA,Fish,,TAU,8,TAU-1463,belt,TAU_OPEN,Forereef,Deep,3x15m,-14.2525,-169.466,"21,22",26.8224,"23,24",25.6032,"79,80",26.8224,,NA,NA,NA,,N:\StRS_Sites\2026\SE2602_PRIA_SAMOA_SAMOA\TAU\TAU-1463,Yes,993,12.4,,slow camera and low deco limit,CA,NA,No,No,,NA,,,,NA,,,,,,,,,,,,,,2,,,,,,,,,,,,,,,,,
SE2602,5/26/2026,Leg 2,VAB,Fish,,TAU,25,TAU-1397,belt,TAU_OPEN,Forereef,Mid,3x20m,-14.2404,-169.514,"21,22",15.5448,"23,24",15.8496,"79,80",15.24,"96,97",14.9352,NA,NA,,N:\StRS_Sites\2026\SE2602_PRIA_SAMOA_SAMOA\TAU\TAU-1397,Yes,1883,23.6,,"This was my first full length SfM at multiple heights. The color looks good, but it is dark.
 I started a bit short on my first pass, but think I covered the gaps in the next pass once I realized.
  I would welcome feedback on how I did ASAP.",VAB,NA,No,Yes,,completed,,,,PICBLUEFIN,,,,,,,,,,,,,MNW,2,,,,,,,,,,,,,,,,,
SE2602,5/28/2026,Leg 2,SH,Fish,,TAU,16,TAU-1468,belt,TAU_OPEN,Forereef,Mid,3x20m,-14.2341,-169.419,"3,4",9.4488,"37,38",9.4488,"57,58",10.0584,"67,68",9.7536,NA,NA,,N:\StRS_Sites\2026\SE2602_PRIA_SAMOA_SAMOA\TAU\TAU-1468,Yes,2057,27.6,,Clouds made it bright in some spots and super dark in others... also lots of shadows!,SH,NA,No,No,,NA,,,,NA,,,,,,,,,,,,,,2,,,,,,,,,,,,,,,,,
SE2602,5/28/2026,Leg 2,VAB,Fish,,TAU,16,TAU-1452,belt,TAU_OPEN,Forereef,Shallow,3x20m,-14.2215,-169.418,"3,4",7.0104,"37,38",6.4008,"57,58",4.572,"67,68",4.8768,NA,NA,,N:\StRS_Sites\2026\SE2602_PRIA_SAMOA_SAMOA\TAU\TAU-1452,Yes,1939,25.3,,"Shadows in some directions due to sun exposure. Tried to minimize, but was challenging in surge. Not sure if that can be corrected?",VAB,NA,No,Yes,,NA,,,,NA,,,,,,,,,,,,,,2,,,,,,,,,,,,,,,,,
SE2602,6/2/2026,Leg 2,RML,Fish,,TUT,21,TUT-6180,belt,TUT_NE_OPEN,Forereef,Deep,3x15m,-14.2536,-170.588,"10,11",25.2984,"27,28",24.9936,"40,41",25.2984,,NA,NA,NA,,N:\StRS_Sites\2026\SE2602_PRIA_SAMOA_SAMOA\TUT\TUT-6180,Yes,1462,16.3,,,RML,NA,No,No,,completed,,,,PICBLUEFIN,,,,,,,,,,,,,MSL,2,,,,,,,,,,,,,,,,,
SE2602,5/21/2026,Leg 2,M_C,Fish,,TUT,18,TUT-6188,belt,TUT_NE_OPEN,Forereef,Deep,3x15m,-14.2462,-170.685,"21,22",22.5552,"23,24",21.6408,"79,80",20.4216,,NA,NA,NA,,N:\StRS_Sites\2026\SE2602_PRIA_SAMOA_SAMOA\TUT\TUT-6188,Yes,1427,17.8,,,M_C,NA,No,No,,completed,,,,PICBELUGA,,,,,,,,,,,,,New Annotator,2,,,,,,,,,,,,,,,,,
SE2602,5/21/2026,Leg 2,J_C,Fish,,TUT,18,TUT-6197,belt,TUT_NE_OPEN,Forereef,Mid,3x20m,-14.2466,-170.667,"21,22",7.0104,"23,24",7.62,"79,80",9.144,"96,97",7.9248,NA,NA,,N:\StRS_Sites\2026\SE2602_PRIA_SAMOA_SAMOA\TUT\TUT-6197,Yes,2003,25.6,,,J_C,NA,No,No,,completed,,,,PICBLUEFIN,,,,,,,,,,,,,CGA,2,,,,,,,,,,,,,,,,,
SE2602,6/2/2026,Leg 2,VAB,Fish,,TUT,21,TUT-6340,belt,TUT_NE_OPEN,Forereef,Mid,3x20m,-14.2498,-170.63,"10,11",16.1544,"27,28",14.9352,"40,41",16.1544,"89,90",14.6304,NA,NA,,N:\StRS_Sites\2026\SE2602_PRIA_SAMOA_SAMOA\TUT\TUT-6340,Yes,2587,30.4,,,CA,NA,No,No,,completed,,,,PICBELUGA,,,,,,,,,,,,,SJD,2,,,,,,,,,,,,,,,,,
SE2602,6/2/2026,Leg 2,J_M,Fish,,TUT,20,TUT-6195,belt,TUT_NE_OPEN,Forereef,Shallow,3x20m,-14.2556,-170.607,"3,4",5.7912,"37,38",6.096,"57,58",7.3152,"67,68",5.4864,NA,NA,,N:\StRS_Sites\2026\SE2602_PRIA_SAMOA_SAMOA\TUT\TUT-6195,Yes,2260,25.3,,,J_M,NA,No,No,,NA,,,,NA,,,,,,,,,,,,,,2,,,,,,,,,,,,,,,,,
SE2602,5/24/2026,Leg 2,SH,Fish,,TUT,18,TUT-6217,belt,TUT_NW_OPEN,Forereef,Deep,3x15m,-14.2905,-170.792,"21,22",25.2984,"23,24",24.0792,"79,80",25.2984,,NA,NA,NA,,N:\StRS_Sites\2026\SE2602_PRIA_SAMOA_SAMOA\TUT\TUT-6217,Yes,1411,20,,A few of them are a little dark,SH,NA,No,No,,NA,,,,NA,,,,,,,,,,,,,,2,,,,,,,,,,,,,,,,,
SE2602,5/24/2026,Leg 2,M_C,Fish,,TUT,12,TUT-6326,belt,TUT_NW_OPEN,Forereef,Deep,3x15m,-14.2839,-170.736,"10,11",24.6888,"27,28",25.2984,"40,41",23.1648,,NA,NA,NA,,N:\StRS_Sites\2026\SE2602_PRIA_SAMOA_SAMOA\TUT\TUT-6326,Yes,1307,15.7,,,M_C,NA,No,No,,completed,,,,PICBELUGA,,,,,,,,,,,,,RML,2,,,,,,,,,,,,,,,,,
SE2602,5/24/2026,Leg 2,MNW,Fish,,TUT,12,TUT-6222,belt,TUT_NW_OPEN,Forereef,Mid,3x20m,-14.2882,-170.768,"10,11",18.5928,"27,28",18.288,"40,41",18.8976,"89,90",18.5928,NA,NA,,N:\StRS_Sites\2026\SE2602_PRIA_SAMOA_SAMOA\TUT\TUT-6222,Yes,1840,21.8,,,MNW,NA,No,No,,completed,,,,PICBLUEFIN,,,,,,,,,,,,,MNW,2,,,,,,,,,,,,,,,,,
SE2602,5/24/2026,Leg 2,J_C,Fish,,TUT,18,TUT-6232,belt,TUT_NW_OPEN,Forereef,Shallow,3x20m,-14.293,-170.804,"21,22",4.2672,"23,24",4.2672,"79,80",4.2672,"96,97",5.1816,NA,NA,,N:\StRS_Sites\2026\SE2602_PRIA_SAMOA_SAMOA\TUT\TUT-6232,Yes,790,10.3,,,J_C,NA,No,No,,NA,,,,NA,,,,,,,,,,,,,,2,,,,,,,,,,,,,,,,,
SE2602,6/3/2026,Leg 2,J_C,Fish,,TUT,5,TUT-6238,belt,TUT_SE_OPEN,Forereef,Deep,3x15m,-14.2947,-170.623,"21,22",20.1168,"23,24",20.1168,"79,80",21.0312,,NA,NA,NA,,N:\StRS_Sites\2026\SE2602_PRIA_SAMOA_SAMOA\TUT\TUT-6238,Yes,1140,13.5,,,J_C,NA,No,No,,completed,,,,PICBLUEFIN,,,,,,,,,,,,,MSL,2,,,,,,,,,,,,,,,,,
SE2602,6/5/2026,Leg 2,MNW,Fish,,TUT,18,TUT-6309,belt,TUT_SE_OPEN,Forereef,Deep,3x15m,-14.3154,-170.694,"21,22",22.5552,"23,24",23.4696,"79,80",22.86,,NA,NA,NA,,N:\StRS_Sites\2026\SE2602_PRIA_SAMOA_SAMOA\TUT\TUT-6309,Yes,1587,23.6,,photos look a bit dark at the beginning,BHEDGER,NA,No,No,,NA,,,,NA,,,,,,,,,,,,,,2,,,,,,,,,,,,,,,,,
SE2602,6/3/2026,Leg 2,SH,Fish,,TUT,25,TUT-6305,belt,TUT_SE_OPEN,Forereef,Mid,3x20m,-14.2758,-170.613,"17,18",14.0208,"37,38",14.3256,"57,58",14.9352,"67,68",14.9352,NA,NA,,N:\StRS_Sites\2026\SE2602_PRIA_SAMOA_SAMOA\TUT\TUT-6305,Yes,2158,25.3,,,SH,NA,No,No,,completed,,,,PICBLUEFIN,,,,,,,,,,,,,New Annotator,2,,,,,,,,,,,,,,,,,
SE2602,6/5/2026,Leg 2,MNW,Fish,,TUT,18,TUT-6314,belt,TUT_SE_OPEN,Forereef,Mid,3x20m,-14.3501,-170.728,,NA,,NA,"79,80",11.8872,"96,97",12.192,NA,NA,,N:\StRS_Sites\2026\SE2602_PRIA_SAMOA_SAMOA\TUT\TUT-6314,Yes,1828,23.1,,,BHEDGER,NA,No,No,,NA,,,,NA,,,,,,,,,,,,,,2,,,,,,,,,,,,,,,,,
SE2602,7/7/2026,Leg 3,RCB,Fish,,TUT,8,TUT-6264,belt,TUT_SE_OPEN,Forereef,Shallow,3x20m,-14.2822,-170.607,"10,11",5.7912,"27,28",1.8288,"40,41",2.4384,"89,90",2.7432,NA,NA,,N:\StRS_Sites\2026\SE2602_PRIA_SAMOA_SAMOA\TUT\TUT-6264,Yes,3170,34.7,,Forgot to take selfie at end.,RML,NA,No,No,,NA,,,,NA,,,,,,,,,,,,,,2,,,,,,,,,,,,,,,,,
SE2602,7/7/2026,Leg 3,J_M,Fish,,TUT,8,TUT-6269,belt,TUT_SE_OPEN,Forereef,Shallow,3x20m,-14.2832,-170.627,"10,11",4.2672,"27,28",4.2672,"40,41",3.9624,"89,90",3.6576,NA,NA,,N:\StRS_Sites\2026\SE2602_PRIA_SAMOA_SAMOA\TUT\TUT-6269,Yes,1923,23.2,Extremely surgy site. Was flying far past the transect on both sides of the belt and also lots of waves pulling me up off the bottom. Transect line was also moving lots left and right. Perhaps the worst model I have ever swam? Apologies in advance.,"Super surgey, images may not be best quality",J_M,NA,No,No,,NA,,,,NA,,,,,,,,,,,,,,2,,,,,,,,,,,,,,,,,
SE2602,7/17/2026,Leg 3,RCB,Fish,,BAK,20,BAK-2101,belt,,Forereef,Deep,3x15m,0.206502,-176.477,"21,22",27.7368,"23,24",27.432,"79,80",27.7368,,NA,NA,NA,,N:\StRS_Sites\2026\SE2602_PRIA_SAMOA_SAMOA\BAK\BAK-2101,Yes,1506,18.5,,,CA,NA,No,No,,NA,,,,NA,,,,,,,,,,,,,,2,,,,,,,,,,,,,,,,,
SE2602,7/15/2026,Leg 3,RCB,Fish,,BAK,12,BAK-2129,belt,,Forereef,Deep,3x15m,0.198071,-176.46,"21,22",25.908,"23,24",25.6032,"79,80",25.908,,NA,NA,NA,,N:\StRS_Sites\2026\SE2602_PRIA_SAMOA_SAMOA\BAK\BAK-2129,Yes,1435,16,,,RCB,NA,No,No,,NA,,,,NA,,,,,,,,,,,,,,2,,,,,,,,,,,,,,,,,
SE2602,5/5/2026,Leg 1,MNW,Fish,,JAR,22,JAR-2085,belt,,Forereef,Deep,3x15m,-0.36251,-159.993,"21,22",24.6888,"23,24",24.6888,"79,80",24.9936,,NA,NA,NA,,N:\StRS_Sites\2026\SE2602_Line_PRIAs\JAR\JAR-2085,Yes,1422,19.9,,,LHL,NA,No,No,,completed,,,,PICBELUGA,,,,,,,,,,,,,CGA,2,,,,,,,,,,,,,,,,,
SE2602,6/1/2026,Leg 2,SJD,Fish,,OFU,18,OFU-1366,belt,,Forereef,Deep,3x15m,-14.1645,-169.655,"21,22",22.86,"23,24",22.2504,"79,80",23.4696,,NA,NA,NA,,N:\StRS_Sites\2026\SE2602_PRIA_SAMOA_SAMOA\OFU\OFU-1366,Yes,1887,27,,,SJD,NA,No,No,,completed,,,,PICBELUGA,,,,,,,,,,,,,SJD,2,,,,,,,,,,,,,,,,,
SE2602,6/8/2026,Leg 2,SH,Fish,,OFU,20,OFU-1382,belt,,Forereef,Deep,3x15m,-14.1771,-169.629,"21,22",23.1648,"23,24",23.7744,"79,80",22.86,,NA,NA,NA,,N:\StRS_Sites\2026\SE2602_PRIA_SAMOA_SAMOA\OFU\OFU-1382,Yes,1356,16,,Metal barrel near dagger B,SH,NA,No,No,,NA,,,,NA,,,,,,,,,,,,,,2,,,,,,,,,,,,,,,,,
SE2602,4/23/2026,Leg 1,DTP,Fish,,PAL,18,PAL-5177,belt,,Forereef,Mid,3x20m,5.877434,-162.032,"17,18",7.0104,"37,38",7.3152,"57,58",7.62,"67,68",7.9248,NA,NA,,N:\StRS_Sites\2026\SE2602_Line_PRIAs\PAL\PAL-5177,Yes,1724,20.1,Very surgy!,,DTP,NA,No,No,,NA,,,,NA,,,,,,,,,,,,,,1,,,,,,,,,,,,,,,,,
SE2602,4/29/2026,Leg 1,MSL,Fish,,KIN,23,KIN-5202,belt,,Protected Slope,Mid,3x20m,6.391259,-162.462,"21,22",18.5928,"23,24",18.288,"79,80",19.812,"96,97",19.812,NA,NA,,N:\StRS_Sites\2026\SE2602_Line_PRIAs\KIN\KIN-5202,Yes,2556,26.2,,,J_C,NA,No,No,,completed,,,,PICBELUGA,,,,,,,,,,,,,RML,2,,,,,,,,,,,,,,,,,
SE2602,4/23/2026,Leg 1,J_C,Fish,,PAL,18,PAL-5180,belt,,Forereef,Mid,3x20m,5.868371,-162.038,"17,18",5.7912,"37,38",5.7912,"57,58",6.096,"67,68",6.096,NA,NA,,N:\StRS_Sites\2026\SE2602_Line_PRIAs\PAL\PAL-5180,Yes,2116,26.1,,,J_C,NA,No,No,,NA,,,,NA,,,,,,,,,,,,,,3,,,,,,,,,,,,,,,,,
SE2602,4/25/2026,Leg 1,LHL,Fish,,PAL,18,PAL-5181,belt,,Forereef,Mid,3x20m,5.863743,-162.025,"21,22",9.7536,"23,24",10.3632,"79,80",10.3632,"96,97",10.0584,NA,NA,,N:\StRS_Sites\2026\SE2602_Line_PRIAs\PAL\PAL-5181,Yes,1701,18.4,"surgey, currenty, and ulua was biting daggers and may have disturbed their position during the survey",some diver shadow,LHL,NA,No,No,,NA,,,,NA,,,,,,,,,,,,,,4,,,,,,,,,,,,,,,,,
SE2602,7/16/2026,Leg 3,LHL,Fish,,BAK,19,BAK-2119,belt,,Forereef,Mid,3x20m,0.202537,-176.467,"3,4",14.6304,"51,52",14.9352,"83,84",14.3256,"91,92",15.24,NA,NA,,N:\StRS_Sites\2026\SE2602_PRIA_SAMOA_SAMOA\BAK\BAK-2119,Yes,2174,24.9,,slightly blue couldnt WB and occasional pauses due to busy signal. went back to take more photos of more rugose area.,LHL,NA,Yes,No,,NA,,,,NA,,,,,,,,,,,,,,2,,,,,,,,,,,,,,,,,
SE2602,4/28/2026,Leg 1,DTP,Fish,,KIN,20,KIN-5199,belt,,Protected Slope,Mid,3x20m,6.449461,-162.403,"21,22",12.192,"23,24",12.192,"79,80",12.4968,"96,97",12.192,NA,NA,,N:\StRS_Sites\2026\SE2602_Line_PRIAs\KIN\KIN-5199,Yes,1380,14,Surgy-currenty site,,DTP,NA,No,No,,NA,,,,NA,,,,,,,,,,,,,,2,,,,,,,,,,,,,,,,,
SE2602,5/2/2026,Leg 1,MNW,Fish,,JAR,21,JAR-2102,belt,,Forereef,Mid,3x20m,-0.36181,-160.001,"17,18",10.668,"37,38",10.9728,"57,58",11.2776,"67,68",11.8872,NA,NA,,N:\StRS_Sites\2026\SE2602_Line_PRIAs\JAR\JAR-2102,Yes,2160,29.4,,,MNW,NA,No,No,,completed,,,,PICBELUGA,,,,,,,,,,,,,MNW,2,,,,,,,,,,,,,,,,,
SE2602,6/8/2026,Leg 2,RML,Fish,,OFU,20,OFU-1414,belt,,Forereef,Mid,3x15m,-14.1893,-169.619,"21,22",12.8016,"23,24",12.8016,"79,80",11.8872,"96,97",11.5824,NA,NA,,N:\StRS_Sites\2026\SE2602_PRIA_SAMOA_SAMOA\OFU\OFU-1414,Yes,2293,27.1,,,J_C,NA,No,No,,NA,,,,NA,,,,,,,,,,,,,,2,,,,,,,,,,,,,,,,,
SE2602,6/6/2026,Leg 2,JV,Fish,,OFU,20,OFU-1425,belt,,Forereef,Mid,3x20m,-14.1614,-169.668,"17,18",12.4968,"37,38",11.5824,"57,58",12.4968,"67,68",13.716,NA,NA,,N:\StRS_Sites\2026\SE2602_PRIA_SAMOA_SAMOA\OFU\OFU-1425,Yes,3330,37.6,super rugose site,super rugose site so some photos pretty dark,J_C,NA,No,Yes,,NA,,,,NA,,,,,,,,,,,,,,2,,,,,,,,,,,,,,,,,
SE2602,7/18/2026,Leg 3,MSL,Fish,,BAK,21,BAK-2121,belt,,Forereef,Mid,3x20m,0.204073,-176.473,"10,11",11.2776,"27,28",10.668,"40,41",10.9728,"89,90",11.2776,NA,NA,,N:\StRS_Sites\2026\SE2602_PRIA_SAMOA_SAMOA\BAK\BAK-2121,Yes,1749,19.5,Couldn't WB camera but images don't look blue,Couldn't WB camera but images don't look blue,MSL,NA,No,No,,NA,,,,NA,,,,,,,,,,,,,,2,,,,,,,,,,,,,,,,,
SE2602,5/3/2026,Leg 1,LHL,Fish,,JAR,20,JAR-2117,belt,,Forereef,Mid,3x20m,-0.38236,-160.003,"21,22",14.0208,"23,24",13.4112,"79,80",14.3256,"96,97",12.4968,NA,NA,,N:\StRS_Sites\2026\SE2602_Line_PRIAs\JAR\JAR-2117,Yes,2066,24.7,,camera was put down as 16 but actually number 20,LHL,NA,No,No,,completed,,,,PICBELUGA,,,,,,,,,,,,,MSL,2,,,,,,,,,,,,,,,,,
SE2602,4/28/2026,Leg 1,A_S,Fish,,KIN,28,KIN-5230,belt,,Forereef,Shallow,3x20m,6.384477,-162.39,"17,18",3.9624,"37,38",4.2672,"57,58",4.2672,,NA,NA,NA,,N:\StRS_Sites\2026\SE2602_Line_PRIAs\KIN\KIN-5230,Yes,1348,15.1,,,A_S,NA,No,No,,completed,,,,PICBELUGA,,,,,,,,,,,,,New Annotator,2,,,,,,,,,,,,,,,,,
SE2602,7/22/2026,Leg 3,MSL,Fish,,HOW,19,HOW-1132,belt,,Forereef,Mid,3x20m,0.803764,-176.621,"21,22",12.192,"23,24",14.0208,"79,80",13.716,"96,97",14.9352,NA,NA,,N:\StRS_Sites\2026\SE2602_PRIA_SAMOA_SAMOA\HOW\HOW-1132,Yes,1929,23.6,,,MSL,NA,No,No,,NA,,,,NA,,,,,,,,,,,,,,2,,,,,,,,,,,,,,,,,
SE2602,7/19/2026,Leg 3,RML,Fish,,HOW,19,HOW-1140,belt,,Forereef,Mid,3x20m,0.813553,-176.624,"3,4",15.24,"51,52",14.0208,"83,84",14.6304,"91,92",13.716,NA,NA,,N:\StRS_Sites\2026\SE2602_PRIA_SAMOA_SAMOA\HOW\HOW-1140,Yes,2603,30.3,,,RML,NA,No,No,,NA,,,,NA,,,,,,,,,,,,,,2,,,,,,,,,,,,,,,,,
SE2602,4/24/2026,Leg 1,A_S,Fish,,PAL,5,PAL-5188,belt,,Forereef,Mid,3x20m,5.896728,-162.09,"21,22",8.8392,"23,24",9.4488,"79,80",9.144,"96,97",9.144,NA,NA,,N:\StRS_Sites\2026\SE2602_Line_PRIAs\PAL\PAL-5188,Yes,2024,22.2,,No slate photo,MNW,NA,No,No,,completed,,,,PICBLUEFIN,,,,,,,,,,,,,CGA,2,,,,,,,,,,,,,,,,,
SE2602,5/3/2026,Leg 1,RML,Fish,,JAR,20,JAR-2159,belt,,Forereef,Shallow,3x20m,-0.38122,-159.998,"21,22",4.8768,"23,24",5.1816,"79,80",6.4008,"96,97",5.4864,NA,NA,,N:\StRS_Sites\2026\SE2602_Line_PRIAs\JAR\JAR-2159,Yes,2641,33.7,"scale bar ""A"" may have moved in surge",,RML,NA,No,No,,completed,,,,PICBLUEFIN,,,,,,,,,,,,,SJD,2,,,,,,,,,,,,,,,,,
SE2602,5/2/2026,Leg 1,J_C,Fish,,JAR,21,JAR-2175,belt,,Forereef,Shallow,3x20m,-0.36276,-159.998,"17,18",5.1816,"37,38",5.7912,"57,58",5.7912,"67,68",6.7056,NA,NA,,N:\StRS_Sites\2026\SE2602_Line_PRIAs\JAR\JAR-2175,Yes,1087,22.3,,,J_C,NA,No,No,,completed,,,,PICSQ99,,,,,,,,,,,,,RML,2,,,,,,,,,,,,,,,,,
SE2602,6/8/2026,Leg 2,M_C,Fish,,OFU,20,OFU-1432,belt,,Forereef,Shallow,3x20m,-14.1774,-169.606,"21,22",4.2672,"23,24",4.2672,"79,80",4.2672,"96,97",4.572,NA,NA,,N:\StRS_Sites\2026\SE2602_PRIA_SAMOA_SAMOA\OFU\OFU-1432,Yes,1496,18,,D scaled was moved by surge after pass four.,J_C,NA,No,No,,NA,,,,NA,,,,,,,,,,,,,,2,,,,,,,,,,,,,,,,,
SE2602,7/15/2026,Leg 3,JWS,Fish,,BAK,16,BAK-2145,belt,,Forereef,Shallow,3x20m,0.191408,-176.469,"3,4",3.9624,"51,52",3.048,"83,84",3.048,"93,94",3.048,NA,NA,,N:\StRS_Sites\2026\SE2602_PRIA_SAMOA_SAMOA\BAK\BAK-2145,Yes,1715,20.5,Dagger C moved/tilted slightly during SFM due to surge,,JWS,NA,No,No,,NA,,,,NA,,,,,,,,,,,,,,2,,,,,,,,,,,,,,,,,
SE2602,7/17/2026,Leg 3,SJD,Fish,,BAK,8,BAK-2155,belt,,Forereef,Shallow,3x20m,0.202996,-176.477,"3,4",4.572,"51,52",4.572,"83,84",4.572,"91,92",4.8768,NA,NA,,N:\StRS_Sites\2026\SE2602_PRIA_SAMOA_SAMOA\BAK\BAK-2155,Yes,2149,19.2,,,SJD,NA,No,No,,NA,,,,NA,,,,,,,,,,,,,,2,,,,,,,,,,,,,,,,,
SE2602,7/21/2026,Leg 3,RML,Fish,,HOW,12,HOW-1151,belt,,Forereef,Shallow,3x20m,0.796316,-176.611,"21,22",5.1816,"23,24",4.8768,"79,80",5.4864,"96,97",5.1816,NA,NA,,N:\StRS_Sites\2026\SE2602_PRIA_SAMOA_SAMOA\HOW\HOW-1151,Yes,2840,34.2,super surgy,very surgy,RML,NA,No,No,,NA,,,,NA,,,,,,,,,,,,,,2,,,,,,,,,,,,,,,,,
SE2602,7/19/2026,Leg 3,M_C,Fish,,HOW,5,HOW-1172,belt,,Forereef,Shallow,3x20m,0.821244,-176.623,"21,22",3.6576,"23,24",3.6576,"79,80",3.9624,"96,97",4.572,NA,NA,,N:\StRS_Sites\2026\SE2602_PRIA_SAMOA_SAMOA\HOW\HOW-1172,Yes,1265,13,,,,NA,No,No,,NA,,,,NA,,,,,,,,,,,,,,2,,,,,,,,,,,,,,,,,
SE2602,4/22/2026,Leg 1,MSL,Fish,,PAL,16,PAL-5223,belt,,Forereef,Mid,3x20m,5.870005,-162.078,"21,22",8.5344,"23,24",9.144,"79,80",8.5344,"96,97",9.4488,NA,NA,,N:\StRS_Sites\2026\SE2602_Line_PRIAs\PAL\PAL-5223,Yes,2385,31,,,LHL,NA,No,No,,completed,,,,PICBELUGA,,,,,,,,,,,,,MNW,2,,,,,,,,,,,,,,,,,
SE2602,4/21/2026,Leg 1,MNW,Fish,,PAL,28,PAL-5241,belt,,Forereef,Shallow,3x20m,5.896572,-162.094,"21,22",4.572,"23,24",4.572,"79,80",4.2672,"96,97",5.4864,NA,NA,,N:\StRS_Sites\2026\SE2602_Line_PRIAs\PAL\PAL-5241,Yes,2094,23.1,pretty surgey during sfm,,MNW,NA,No,No,,completed,,,,PICSQ99,,,,,,,,,,,,,MSL,2,,,,,,,,,,,,,,,,,
SE2602,4/25/2026,Leg 1,J_C,Fish,,PAL,18,PAL-5254,belt,,Forereef,Deep,3x20m,5.864767,-162.039,"21,22",21.6408,"23,24",22.5552,"79,80",21.336,,NA,NA,NA,,N:\StRS_Sites\2026\SE2602_Line_PRIAs\PAL\PAL-5254,Yes,2030,23.7,,,J_C,NA,No,No,,completed,,,,PICBLUEFIN,,,,,,,,,,,,,New Annotator,2,,,,,,,,,,,,,,,,,
SE2602,6/7/2026,Leg 2,JV,Fish,,ROS,21,ROS-5362,belt,NMSAS_MULIAVA,Forereef,Mid,3x20m,-14.5436,-168.172,"21,22",14.9352,"23,24",13.716,"79,80",14.3256,"93,94",14.3256,NA,NA,,N:\StRS_Sites\2026\SE2602_PRIA_SAMOA_SAMOA\ROS\ROS-5362,Yes,3023,32.8,,current,JV,NA,No,No,,NA,,,,NA,,,,,,,,,,,,,,3,,,,,,,,,,,,,,,,,
SE2602,5/29/2026,Leg 2,J_C,Fish,,ROS,25,ROS-5370,belt,NMSAS_MULIAVA,Forereef,Mid,3x20m,-14.5332,-168.148,"3,4",10.0584,"37,38",9.144,"57,58",8.8392,"67,68",8.8392,NA,NA,,N:\StRS_Sites\2026\SE2602_PRIA_SAMOA_SAMOA\ROS\ROS-5370,Yes,2199,24.1,,,J_C,NA,No,No,,NA,,,,NA,,,,,,,,,,,,,,3,,,,,,,,,,,,,,,,,
SE2602,7/9/2026,Leg 3,RCB,Fish,,SWA,20,SWA-1026,belt,NMSAS_SWAINS,Forereef,Shallow,3x20m,-11.0579,-171.065,"3,4",4.572,"51,52",4.8768,"83,84",4.8768,"91,92",5.7912,NA,NA,,N:\StRS_Sites\2026\SE2602_PRIA_SAMOA_SAMOA\SWA\SWA-1026,Yes,1585,18.5,,,RML,NA,No,No,,NA,,,,NA,,,,,,,,,,,,,,3,,,,,,,,,,,,,,,,,
SE2602,7/11/2026,Leg 3,M_C,Fish,,SWA,28,SWA-1003,belt,NMSAS_SWAINS,Forereef,Shallow,3x20m,-11.0485,-171.089,"3,4",2.1336,"51,52",1.8288,"83,84",3.3528,"91,92",3.6576,NA,NA,,N:\StRS_Sites\2026\SE2602_PRIA_SAMOA_SAMOA\SWA\SWA-1003,Yes,1622,17.1,,,MSL,NA,No,No,,NA,,,,NA,,,,,,,,,,,,,,3,,,,,,,,,,,,,,,,,
SE2602,7/9/2026,Leg 3,CA,Fish,,SWA,20,SWA-1023,belt,NMSAS_SWAINS,Forereef,Shallow,3x20m,-11.0495,-171.067,"3,4",4.8768,"51,52",5.1816,"83,84",5.7912,"91,92",6.4008,NA,NA,,N:\StRS_Sites\2026\SE2602_PRIA_SAMOA_SAMOA\SWA\SWA-1023,Yes,1992,24.5,,,RML,NA,No,No,,NA,,,,NA,,,,,,,,,,,,,,3,,,,,,,,,,,,,,,,,
SE2602,7/10/2026,Leg 3,RCB,Fish,,SWA,21,SWA-1028,belt,NMSAS_SWAINS,Forereef,Shallow,3x20m,-11.0466,-171.081,"21,22",3.048,"23,24",3.6576,"79,80",4.572,"96,97",3.6576,NA,NA,,N:\StRS_Sites\2026\SE2602_PRIA_SAMOA_SAMOA\SWA\SWA-1028,Yes,1834,20,,,LLUERS,NA,No,No,,NA,,,,NA,,,,,,,,,,,,,,3,,,,,,,,,,,,,,,,,
SE2602,7/11/2026,Leg 3,MSL,Fish,,SWA,8,SWA-1029,belt,NMSAS_SWAINS,Forereef,Shallow,3x20m,-11.0479,-171.069,"10,11",3.048,"27,28",3.048,"40,41",3.048,"89,90",3.3528,NA,NA,,N:\StRS_Sites\2026\SE2602_PRIA_SAMOA_SAMOA\SWA\SWA-1029,Yes,1359,12.8,Surgey shallow,no slate photo,MSL,NA,No,No,,NA,,,,NA,,,,,,,,,,,,,,3,,,,,,,,,,,,,,,,,
SE2602,4/22/2026,Leg 1,RML,Fish,,PAL,23,PAL-5255,belt,,Forereef,Deep,3x15m,5.86864,-162.072,"10,11",21.336,"27,28",22.2504,"40,41",21.336,,NA,NA,NA,,N:\StRS_Sites\2026\SE2602_Line_PRIAs\PAL\PAL-5255,Yes,2091,25.4,"Datasheet says date is ""4/21"", correct date is 4/22",,RML,NA,No,No,,completed,,,,PICBLUEFIN,,,,,,,,,,,,,CGA,2,,,,,,,,,,,,,,,,,
SE2602,4/22/2026,Leg 1,CLL,Fish,,PAL,23,PAL-5264,belt,,Forereef,Shallow,3x20m,5.870428,-162.085,"10,11",4.572,"27,28",4.8768,"40,41",4.572,"89,90",4.2672,NA,NA,,N:\StRS_Sites\2026\SE2602_Line_PRIAs\PAL\PAL-5264,Yes,1462,17.1,,,MNW,NA,No,No,,completed,,,,PICBLUEFIN,,,,,,,,,,,,,SJD,2,,,,,,,,,,,,,,,,,
SE2602,4/20/2026,Leg 1,A_S,Fish,,PAL,13,PAL-5155,belt,,Forereef,Deep,3x15m,5.890549,-162.152,"21,22",19.812,"23,24",19.2024,"79,80",20.4216,,NA,NA,NA,,N:\StRS_Sites\2026\SE2602_Line_PRIAs\PAL\PAL-5155,Yes,1892,20.9,,,A_S,NA,No,No,,completed,,,,PICBLUEFIN,,,,,,,,,,,,,RML,3,,,,,,,,,,,,,,,,,
SE2602,4/25/2026,Leg 1,ZTT,Fish,,PAL,28,PAL-5179,belt,,Forereef,Mid,3x20m,5.863315,-162.024,"10,11",9.7536,"27,28",9.7536,"40,41",9.7536,"89,90",10.0584,NA,NA,,N:\StRS_Sites\2026\SE2602_Line_PRIAs\PAL\PAL-5179,Yes,2023,23.2,,"VERY STRONG SURGE, pulling in all directions",ZTT,NA,No,No,,completed,,,,PICBELUGA,,,,,,,,,,,,,MNW,3,,,,,,,,,,,,,,,,,
SE2602,4/25/2026,Leg 1,RML,Fish,,PAL,18,PAL-5187,belt,,Forereef,Mid,3x20m,5.866575,-162.051,"21,22",11.5824,"23,24",11.5824,"79,80",11.8872,"96,97",10.9728,NA,NA,,N:\StRS_Sites\2026\SE2602_Line_PRIAs\PAL\PAL-5187,Yes,2657,33.4,,,RML,NA,No,No,,completed,,,,PICBELUGA,,,,,,,,,,,,,MSL,3,,,,,,,,,,,,,,,,,
SE2602,5/30/2026,Leg 2,MNW,Fish,,ROS,12,ROS-5356,belt,NMSAS_MULIAVA,Forereef,Mid,3x20m,-14.5328,-168.157,"21,22",10.668,"23,24",10.0584,"79,80",10.668,"96,97",11.2776,NA,NA,,N:\StRS_Sites\2026\SE2602_PRIA_SAMOA_SAMOA\ROS\ROS-5356,Yes,2776,32.5,,,MNW,NA,No,No,,completed,,,,PICBLUEFIN,,,,,,,,,,,,,New Annotator,3,,,,,,,,,,,,,,,,,
SE2602,5/26/2026,Leg 2,MNW,Fish,,TAU,20,TAU-1380,belt,TAU_OPEN,Forereef,Mid,3x20m,-14.2122,-169.444,"3,4",10.9728,"37,38",11.2776,"57,58",10.668,"67,68",10.9728,NA,NA,,N:\StRS_Sites\2026\SE2602_PRIA_SAMOA_SAMOA\TAU\TAU-1380,Yes,1667,19.8,,,MNW,NA,No,No,,completed,,,,PICBLUEFIN,,,,,,,,,,,,,CGA,3,,,,,,,,,,,,,,,,,
SE2602,6/5/2026,Leg 2,CA,Benthic,,TUT,12,TUT-6254,belt,TUT_SE_OPEN,Forereef,Mid,3x20m,-14.3382,-170.715,"10,11",10.0584,"27,28",9.4488,"40,41",9.4488,"89,90",8.8392,NA,NA,,N:\StRS_Sites\2026\SE2602_PRIA_SAMOA_SAMOA\TUT\TUT-6254,Yes,2146,23.2,,very surgey,CA,NA,No,No,,NA,,,,NA,,,,,,,,,,,,,,3,,,,,,,,,,,,,,,,,
SE2602,5/26/2026,Leg 2,J_M,Fish,,TAU,21,TAU-1381,belt,TAU_OPEN,Forereef,Mid,3x20m,-14.2161,-169.495,"10,11",10.0584,"27,28",10.3632,"40,41",9.7536,"89,90",9.4488,NA,NA,,N:\StRS_Sites\2026\SE2602_PRIA_SAMOA_SAMOA\TAU\TAU-1381,Yes,2570,26.6,,,J_M,NA,No,No,,completed,,,,PICSQ99,,,,,,,,,,,,,SJD,3,,,,,,,,,,,,,,,,,
SE2602,6/5/2026,Leg 2,SH,Fish,,TUT,18,TUT-6312,belt,TUT_SE_OPEN,Forereef,Mid,3x20m,-14.3367,-170.71,"21,22",7.3152,"23,24",8.2296,"79,80",7.62,"96,97",8.2296,NA,NA,,N:\StRS_Sites\2026\SE2602_PRIA_SAMOA_SAMOA\TUT\TUT-6312,Yes,1491,19.6,,,SH,NA,No,No,,NA,,,,NA,,,,,,,,,,,,,,3,,,,,,,,,,,,,,,,,
SE2602,6/8/2026,Leg 2,J_C,Fish,,OFU,20,OFU-1367,belt,,Forereef,Deep,3x15m,-14.1936,-169.614,"21,22",23.4696,"23,24",24.384,"79,80",23.4696,,NA,NA,NA,,N:\StRS_Sites\2026\SE2602_PRIA_SAMOA_SAMOA\OFU\OFU-1367,Yes,1851,21.8,,,J_C,NA,No,No,,NA,,,,NA,,,,,,,,,,,,,,3,,,,,,,,,,,,,,,,,
SE2602,6/6/2026,Leg 2,MNW,Fish,,OFU,8,OFU-1376,belt,,Forereef,Deep,3x15m,-14.1578,-169.672,"21,22",24.0792,"23,24",23.4696,"79,80",22.86,,NA,NA,NA,,N:\StRS_Sites\2026\SE2602_PRIA_SAMOA_SAMOA\OFU\OFU-1376,Yes,1221,15.4,,,MNW,NA,No,No,,NA,,,,NA,,,,,,,,,,,,,,3,,,,,,,,,,,,,,,,,
SE2602,6/8/2026,Leg 2,JV,Fish,,OFU,20,OFU-1387,,,Forereef,Deep,,-14.1596,-169.607,"21,22",22.86,"23,24",22.5552,,NA,"96,97",22.2504,NA,NA,,N:\StRS_Sites\2026\SE2602_PRIA_SAMOA_SAMOA\OFU\OFU-1387,Yes,1536,18.1,,brought down D dagger instead of C on this deep.,J_C,NA,No,No,,NA,,,,NA,,,,,,,,,,,,,,3,,,,,,,,,,,,,,,,,
SE2602,5/26/2026,Leg 2,M_C,Fish,,TAU,25,TAU-1395,belt,TAU_OPEN,Forereef,Mid,3x20m,-14.2312,-169.519,"21,22",16.4592,"23,24",16.764,"79,80",17.6784,"96,97",17.3736,NA,NA,,N:\StRS_Sites\2026\SE2602_PRIA_SAMOA_SAMOA\TAU\TAU-1395,Yes,1901,21.2,,,M_C,NA,No,No,,completed,,,,PICBELUGA,,,,,,,,,,,,,RML,3,,,,,,,,,,,,,,,,,
SE2602,6/8/2026,Leg 2,MNW,Fish,,OFU,12,OFU-1449,belt,,Forereef,Deep,3x15m,-14.1778,-169.649,"3,4",21.6408,"37,38",22.86,"57,58",22.2504,,NA,NA,NA,,N:\StRS_Sites\2026\SE2602_PRIA_SAMOA_SAMOA\OFU\OFU-1449,Yes,1632,21.3,,,MNW,NA,No,No,,NA,,,,NA,,,,,,,,,,,,,,3,,,,,,,,,,,,,,,,,
SE2602,5/26/2026,Leg 2,J_M,Fish,,TAU,21,TAU-1412,belt,TAU_OPEN,Forereef,Mid,3x20m,-14.2113,-169.436,"10,11",13.716,"27,28",13.716,"40,41",14.6304,"89,90",14.6304,NA,NA,,N:\StRS_Sites\2026\SE2602_PRIA_SAMOA_SAMOA\TAU\TAU-1412,Yes,2955,33.7,,,J_M,NA,No,No,,completed,,,,PICBLUEFIN,,,,,,,,,,,,,MNW,3,,,,,,,,,,,,,,,,,
SE2602,6/6/2026,Leg 2,CA,Fish,,OFU,20,OFU-1395,belt,,Forereef,Mid,3x20m,-14.1575,-169.675,"17,18",15.8496,"37,38",16.1544,"57,58",16.4592,"67,68",15.5448,NA,NA,,N:\StRS_Sites\2026\SE2602_PRIA_SAMOA_SAMOA\OFU\OFU-1395,Yes,2020,23.2,,,J_C,NA,No,No,,NA,,,,NA,,,,,,,,,,,,,,3,,,,,,,,,,,,,,,,,
SE2602,5/26/2026,Leg 2,CA,Fish,,TAU,20,TAU-1415,belt,TAU_OPEN,Forereef,Mid,3x20m,-14.2154,-169.484,"3,4",6.7056,"37,38",6.4008,"57,58",6.4008,"67,68",6.096,NA,NA,,N:\StRS_Sites\2026\SE2602_PRIA_SAMOA_SAMOA\TAU\TAU-1415,Yes,1924,19.9,,,CA,NA,No,No,,completed,,,,PICBELUGA,,,,,,,,,,,,,MSL,3,,,,,,,,,,,,,,,,,
SE2602,6/4/2026,Leg 2,J_M,Fish,,TUT,28,TUT-6131,belt,TUT_NE_OPEN,Forereef,Mid,3x20m,-14.2855,-170.564,"10,11",10.9728,"27,28",12.4968,"40,41",11.2776,"89,90",12.8016,NA,NA,,N:\StRS_Sites\2026\SE2602_PRIA_SAMOA_SAMOA\TUT\TUT-6131,Yes,1802,22.1,,,J_M,NA,No,No,,completed,,,,PICBELUGA,,,,,,,,,,,,,New Annotator,3,,,,,,,,,,,,,,,,,
SE2602,6/3/2026,Leg 2,VAB,Fish,,TUT,26,TUT-6248,belt,TUT_SE_OPEN,Forereef,Mid,3x20m,-14.2767,-170.608,"21,22",13.1064,"23,24",12.8016,"79,80",14.0208,"96,97",12.4968,NA,NA,,N:\StRS_Sites\2026\SE2602_PRIA_SAMOA_SAMOA\TUT\TUT-6248,Yes,2266,23.7,Menu button did not function when I tried to white balance. Camera error 20 popped up during SfM.,"Photos may need to be white balanced as menu button did not function. Error 20 popped up between marker B and D on the last 1.5m high pass. I turned it off and on and was able to continue. I *think* I restarted in the right place, but there may be a gap.",VAB,NA,Yes,Yes,,completed,,,,PICBELUGA,,,,,,,,,,,,,CGA,3,,,,,,,,,,,,,,,,,
SE2602,6/3/2026,Leg 2,SH,Fish,,TUT,25,TUT-6306,belt,TUT_SE_OPEN,Forereef,Mid,3x20m,-14.2882,-170.641,"17,18",17.3736,"37,38",17.0688,"57,58",16.764,"67,68",16.764,NA,NA,,N:\StRS_Sites\2026\SE2602_PRIA_SAMOA_SAMOA\TUT\TUT-6306,Yes,2034,21.7,,,SH,NA,No,No,,completed,,,,PICBELUGA,,,,,,,,,,,,,SJD,3,,,,,,,,,,,,,,,,,
SE2602,6/1/2026,Leg 2,CA,Fish,,OFU,18,OFU-1442,belt,,Forereef,Deep,3x15m,-14.1605,-169.62,"21,22",22.5552,"23,24",21.6408,"79,80",22.5552,,NA,NA,NA,,N:\StRS_Sites\2026\SE2602_PRIA_SAMOA_SAMOA\OFU\OFU-1442,Yes,1626,23.5,,,CA,NA,No,No,,completed,,,,PICBLUEFIN,,,,,,,,,,,,,RML,3,,,,,,,,,,,,,,,,,
SE2602,4/23/2026,Leg 1,MNW,Fish,,PAL,20,PAL-5189,belt,,Forereef,Mid,3x20m,5.89653,-162.059,"21,22",14.9352,"23,24",15.5448,"79,80",15.24,"96,97",15.8496,NA,NA,,N:\StRS_Sites\2026\SE2602_Line_PRIAs\PAL\PAL-5189,Yes,2421,29.3,,Model may be a little skinny,MNW,NA,No,No,,completed,,,,PICBELUGA,,,,,,,,,,,,,MNW,3,,,,,,,,,,,,,,,,,
SE2602,5/6/2026,Leg 1,M_C,Fish,,JAR,5,JAR-2101,belt,,Forereef,Mid,3x20m,-0.3692,-159.98,"21,22",6.4008,"23,24",6.096,"79,80",5.7912,"96,97",6.7056,NA,NA,,N:\StRS_Sites\2026\SE2602_Line_PRIAs\JAR\JAR-2101,Yes,1128,11.6,,,BHEDGER,NA,No,No,,completed,,,,PICBELUGA,,,,,,,,,,,,,MSL,3,,,,,,,,,,,,,,,,,
SE2602,5/4/2026,Leg 1,DTP,Fish,,JAR,5,JAR-2108,belt,,Forereef,Mid,3x20m,-0.38161,-159.981,"21,22",8.8392,"23,24",9.144,"79,80",9.144,"96,97",8.5344,NA,NA,,N:\StRS_Sites\2026\SE2602_Line_PRIAs\JAR\JAR-2108,Yes,1178,13.5,,,DTP,NA,No,No,,completed,,,,PICSQ99,,,,,,,,,,,,,New Annotator,3,,,,,,,,,,,,,,,,,
SE2602,6/6/2026,Leg 2,SJD,Fish,,OFU,8,OFU-1402,belt,,Forereef,Mid,3x20m,-14.1807,-169.68,"21,22",10.3632,"23,24",10.3632,"79,80",10.3632,"96,97",10.3632,NA,NA,,N:\StRS_Sites\2026\SE2602_PRIA_SAMOA_SAMOA\OFU\OFU-1402,Yes,1240,51.1,,,SJD,NA,No,No,,NA,,,,NA,,,,,,,,,,,,,,3,,,,,,,,,,,,,,,,,
SE2602,6/6/2026,Leg 2,VAB,Fish,,OFU,8,OFU-1409,belt,,Forereef,Mid,3x20m,-14.1589,-169.681,"21,22",8.5344,"23,24",8.5344,"79,80",9.7536,"96,97",9.4488,NA,NA,,N:\StRS_Sites\2026\SE2602_PRIA_SAMOA_SAMOA\OFU\OFU-1409,Yes,1547,17.9,,"Some shadow from diver. Tried to minimize it, but couldn't avoid it.",VAB,NA,No,Yes,,NA,,,,NA,,,,,,,,,,,,,,3,,,,,,,,,,,,,,,,,
SE2602,6/8/2026,Leg 2,CA,Fish,,OFU,12,OFU-1423,belt,,Forereef,Mid,3x20m,-14.1851,-169.658,"17,18",10.0584,"37,38",10.3632,"57,58",10.0584,"77,78",10.668,NA,NA,,N:\StRS_Sites\2026\SE2602_PRIA_SAMOA_SAMOA\OFU\OFU-1423,Yes,1970,24.5,,,CA,NA,No,No,,NA,,,,NA,,,,,,,,,,,,,,3,,,,,,,,,,,,,,,,,
SE2602,5/6/2026,Leg 1,ZTT,Fish,,JAR,20,JAR-2110,belt,,Forereef,Mid,3x20m,-0.37378,-159.979,"10,11",7.9248,"27,28",8.8392,"40,41",8.2296,"89,90",8.2296,NA,NA,,N:\StRS_Sites\2026\SE2602_Line_PRIAs\JAR\JAR-2110,Yes,1204,14.4,,,ZTT,NA,No,No,,completed,,,,PICBELUGA,,,,,,,,,,,,,CGA,3,,,,,,,,,,,,,,,,,
SE2602,5/4/2026,Leg 1,LHL,Fish,,JAR,21,JAR-2120,belt,,Forereef,Mid,3x20m,-0.38217,-159.974,"17,18",12.192,"37,38",12.192,"57,58",11.5824,"67,68",12.192,NA,NA,,N:\StRS_Sites\2026\SE2602_Line_PRIAs\JAR\JAR-2120,Yes,1215,13.3,some surge current pushed through sfm fast,some current and surge sped up sfm,LHL,NA,No,No,,completed,,,,PICBELUGA,,,,,,,,,,,,,SJD,3,,,,,,,,,,,,,,,,,
SE2602,5/2/2026,Leg 1,MSL,Fish,,JAR,22,JAR-2122,belt,,Forereef,Mid,3x20m,-0.36276,-160.004,"21,22",10.668,"23,24",9.144,"79,80",9.144,"96,97",10.3632,NA,NA,,N:\StRS_Sites\2026\SE2602_Line_PRIAs\JAR\JAR-2122,Yes,1788,25.5,,,BHEDGER,NA,No,No,,completed,,,,PICBELUGA,,,,,,,,,,,,,RML,3,,,,,,,,,,,,,,,,,
SE2602,5/5/2026,Leg 1,DTP,Fish,,JAR,18,JAR-2128,belt,,Forereef,Mid,3x20m,-0.36477,-159.985,"17,18",10.0584,"37,38",10.3632,"57,58",9.4488,"67,68",10.3632,NA,NA,,N:\StRS_Sites\2026\SE2602_Line_PRIAs\JAR\JAR-2128,Yes,1854,23.5,,,DTP,NA,No,No,,completed,,,,PICBELUGA,,,,,,,,,,,,,MNW,3,,,,,,,,,,,,,,,,,
SE2602,5/6/2026,Leg 1,J_C,Fish,,JAR,5,JAR-2136,belt,,Forereef,Mid,3x20m,-0.37446,-159.98,"21,22",7.3152,"23,24",7.62,"79,80",7.9248,"96,97",7.0104,NA,NA,,N:\StRS_Sites\2026\SE2602_Line_PRIAs\JAR\JAR-2136,Yes,1354,16.4,,,J_C,NA,No,No,,completed,,,,PICSQ99,,,,,,,,,,,,,MSL,3,,,,,,,,,,,,,,,,,
SE2602,6/1/2026,Leg 2,J_C,Fish,,OFU,18,OFU-1397,belt,,Forereef,Mid,3x20m,-14.1627,-169.638,"21,22",7.62,"23,24",7.3152,"79,80",7.9248,"96,97",9.4488,NA,NA,,N:\StRS_Sites\2026\SE2602_PRIA_SAMOA_SAMOA\OFU\OFU-1397,Yes,1775,24.3,,,CA,NA,No,No,,completed,,,,PICBLUEFIN,,,,,,,,,,,,,New Annotator,3,,,,,,,,,,,,,,,,,
SE2602,6/1/2026,Leg 2,JV,Fish,,OFU,16,OFU-1444,belt,,Forereef,Mid,3x20m,-14.1639,-169.659,"3,4",13.4112,"37,38",14.6304,"57,58",15.24,"67,68",10.0584,NA,NA,,N:\StRS_Sites\2026\SE2602_PRIA_SAMOA_SAMOA\OFU\OFU-1444,Yes,2305,28.7,"white balanced at start of transect which was ~30 feet, but transect went down to 50 feet so will need color correcting for some photos",,CA,NA,Yes,No,,completed,,,,PICBLUEFIN,,,,,,,,,,,,,CGA,3,,,,,,,,,,,,,,,,,
SE2602,6/1/2026,Leg 2,MNW,Fish,,OFU,16,OFU-1445,belt,,Forereef,Mid,3x20m,-14.1649,-169.651,"3,4",8.8392,"37,38",9.144,"57,58",7.9248,"67,68",8.2296,NA,NA,,N:\StRS_Sites\2026\SE2602_PRIA_SAMOA_SAMOA\OFU\OFU-1445,Yes,1824,21.6,,Darker but probably buildable. Could use some increased exposure to help with annotation,CA,NA,No,Yes,,completed,,,,PICBELUGA,,,,,,,,,,,,,SJD,3,,,,,,,,,,,,,,,,,
SE2602,4/24/2026,Leg 1,LHL,Fish,,PAL,25,PAL-5197,belt,,Forereef,Shallow,3x20m,5.872012,-162.118,"17,18",7.0104,"37,38",6.096,"57,58",6.4008,"67,68",7.0104,NA,NA,,N:\StRS_Sites\2026\SE2602_Line_PRIAs\PAL\PAL-5197,Yes,2714,33.1,,excluded blue water corner images,LHL,NA,No,No,,completed,,,,PICBELUGA,,,,,,,,,,,,,RML,3,,,,,,,,,,,,,,,,,
SE2602,4/24/2026,Leg 1,M_C,Fish,,PAL,5,PAL-5200,belt,,Forereef,Mid,3x20m,5.896019,-162.116,"21,22",7.9248,"23,24",8.8392,"79,80",6.4008,"96,97",8.8392,NA,NA,,N:\StRS_Sites\2026\SE2602_Line_PRIAs\PAL\PAL-5200,Yes,1377,13.8,,,MNW,NA,No,No,,completed,,,,PICBELUGA,,,,,,,,,,,,,MNW,3,,,,,,,,,,,,,,,,,
SE2602,4/23/2026,Leg 1,A_S,Fish,,PAL,20,PAL-5201,belt,,Forereef,Mid,3x20m,5.87758,-162.01,"21,22",16.1544,"23,24",15.8496,"79,80",16.1544,"96,97",16.1544,NA,NA,,N:\StRS_Sites\2026\SE2602_Line_PRIAs\PAL\PAL-5201,Yes,2405,26.9,,,A_S,NA,No,No,,completed,,,,PICBELUGA,,,,,,,,,,,,,MSL,3,,,,,,,,,,,,,,,,,
SE2602,4/22/2026,Leg 1,MNW,Fish,,PAL,21,PAL-5206,belt,,Forereef,Mid,3x20m,5.866619,-162.101,"17,18",17.0688,"37,38",16.4592,"57,58",16.1544,"67,68",17.0688,NA,NA,,N:\StRS_Sites\2026\SE2602_Line_PRIAs\PAL\PAL-5206,Yes,2315,28.4,,,MNW,NA,No,No,,completed,,,,PICBELUGA,,,,,,,,,,,,,New Annotator,3,,,,,,,,,,,,,,,,,
SE2602,4/22/2026,Leg 1,MNW,Fish,,PAL,22,PAL-5208,belt,,Forereef,Mid,3x20m,5.867072,-162.121,"17,18",11.5824,"37,38",12.192,"57,58",11.8872,"67,68",10.3632,NA,NA,,N:\StRS_Sites\2026\SE2602_Line_PRIAs\PAL\PAL-5208,Yes,2435,31.6,,,MNW,NA,No,No,,completed,,,,PICBELUGA,,,,,,,,,,,,,CGA,3,,,,,,,,,,,,,,,,,
SE2602,4/20/2026,Leg 1,A_S,Fish,,PAL,13,PAL-5213,belt,,Forereef,Mid,3x20m,5.894246,-162.132,"21,22",8.5344,"23,24",8.2296,"79,80",7.3152,"96,97",8.8392,NA,NA,,N:\StRS_Sites\2026\SE2602_Line_PRIAs\PAL\PAL-5213,Yes,2179,24.6,,,A_S,NA,No,No,,completed,,,,PICBELUGA,,,,,,,,,,,,,SJD,3,,,,,,,,,,,,,,,,,
SE2602,4/23/2026,Leg 1,J_C,Fish,,PAL,18,PAL-5216,belt,,Forereef,Shallow,3x20m,5.872065,-162.039,"17,18",5.4864,"37,38",5.4864,"57,58",5.4864,"67,68",4.8768,NA,NA,,N:\StRS_Sites\2026\SE2602_Line_PRIAs\PAL\PAL-5216,Yes,2508,27,,,J_C,NA,No,No,,completed,,,,PICBLUEFIN,,,,,,,,,,,,,RML,3,,,,,,,,,,,,,,,,,
SE2602,4/22/2026,Leg 1,J_C,Fish,,PAL,16,PAL-5225,belt,,Forereef,Shallow,3x20m,5.869539,-162.072,"21,22",3.3528,"23,24",3.048,"79,80",3.9624,"96,97",4.2672,NA,NA,,N:\StRS_Sites\2026\SE2602_Line_PRIAs\PAL\PAL-5225,Yes,2704,33,,couldnt wb - red images,LHL,NA,Yes,No,,completed,,,,PICBLUEFIN,,,,,,,,,,,,,MNW,3,,,,,,,,,,,,,,,,,
SE2602,4/20/2026,Leg 1,MNW,Fish,,PAL,13,PAL-5228,belt,,Forereef,Shallow,3x20m,5.891496,-162.127,"21,22",2.7432,"23,24",3.6576,"79,80",3.048,"96,97",3.6576,NA,NA,,N:\StRS_Sites\2026\SE2602_Line_PRIAs\PAL\PAL-5228,Yes,2115,24.6,,"shallow, lots of shadows in pics - could use increased exposure on ~45% of pics, particularly 0.5m passes",MNW,NA,No,Yes,,completed,,,,PICBELUGA,,,,,,,,,,,,,MSL,3,,,,,,,,,,,,,,,,,
SE2602,4/24/2026,Leg 1,MNW,Benthic,,PAL,25,PAL-5230,belt,,Forereef,Shallow,3x20m,5.88813,-162.122,"17,18",3.3528,"37,38",2.7432,"57,58",3.6576,"67,68",5.1816,NA,NA,,N:\StRS_Sites\2026\SE2602_Line_PRIAs\PAL\PAL-5230,Yes,3482,41.4,,D scale bar bent during splash,MNW,NA,No,No,,completed,,,,PICSQ99,,,,,,,,,,,,,New Annotator,3,,,,,,,,,,,,,,,,,
SE2602,7/16/2026,Leg 3,JWS,Fish,,BAK,23,BAK-2113,belt,,Forereef,Mid,3x20m,0.196764,-176.464,"21,22",8.8392,"23,24",8.5344,"79,80",9.144,"96,97",8.5344,NA,NA,,N:\StRS_Sites\2026\SE2602_PRIA_SAMOA_SAMOA\BAK\BAK-2113,Yes,1624,21.3,"Was not able to white balance. Camera kept getting stuck on busy warning when trying to select grey card photo.
 
  Grey card photos taken.",,JWS,NA,Yes,No,,NA,,,,NA,,,,,,,,,,,,,,3,,,,,,,,,,,,,,,,,
SE2602,5/6/2026,Leg 1,MNW,Fish,,JAR,5,JAR-2137,belt,,Forereef,Mid,3x20m,-0.37928,-159.979,"21,22",7.0104,"23,24",7.62,"79,80",7.9248,"96,97",8.2296,NA,NA,,N:\StRS_Sites\2026\SE2602_Line_PRIAs\JAR\JAR-2137,Yes,1274,14.4,,,MNW,NA,No,No,,completed,,,,PICBELUGA,,,,,,,,,,,,,CGA,3,,,,,,,,,,,,,,,,,
SE2602,5/3/2026,Leg 1,M_C,Fish,,JAR,5,JAR-2140,belt,,Forereef,Mid,3x20m,-0.38146,-160.012,"17,18",15.24,"37,38",14.3256,"57,58",15.24,"67,68",15.5448,NA,NA,,N:\StRS_Sites\2026\SE2602_Line_PRIAs\JAR\JAR-2140,Yes,1212,14.1,,,BHEDGER,NA,No,No,,completed,,,,PICBLUEFIN,,,,,,,,,,,,,SJD,3,,,,,,,,,,,,,,,,,
SE2602,5/6/2026,Leg 1,A_S,Fish,,JAR,28,JAR-2169,belt,,Forereef,Mid,3x20m,-0.3731,-159.984,"17,18",4.8768,"37,38",5.4864,"57,58",5.7912,"67,68",5.1816,NA,NA,,N:\StRS_Sites\2026\SE2602_Line_PRIAs\JAR\JAR-2169,Yes,2309,23.2,,,A_S,NA,No,No,,completed,,,,PICBLUEFIN,,,,,,,,,,,,,RML,3,,,,,,,,,,,,,,,,,
SE2602,5/3/2026,Leg 1,MSL,Fish,,JAR,20,JAR-2189,belt,,Forereef,Mid,3x20m,-0.38159,-159.993,"21,22",8.5344,"23,24",9.144,"79,80",9.7536,"96,97",9.4488,NA,NA,,N:\StRS_Sites\2026\SE2602_Line_PRIAs\JAR\JAR-2189,Yes,1743,21.5,,,BHEDGER,NA,No,No,,completed,,,,PICBLUEFIN,,,,,,,,,,,,,MNW,3,,,,,,,,,,,,,,,,,
SE2602,4/28/2026,Leg 1,LHL,Fish,,KIN,20,KIN-5198,belt,,Protected Slope,Mid,3x20m,6.382259,-162.435,"21,22",13.4112,"23,24",13.4112,"79,80",12.8016,"96,97",12.8016,NA,NA,,N:\StRS_Sites\2026\SE2602_Line_PRIAs\KIN\KIN-5198,Yes,1785,18.9,,,LHL,NA,No,No,,completed,,,,PICBLUEFIN,,,,,,,,,,,,,MSL,3,,,,,,,,,,,,,,,,,
SE2602,4/29/2026,Leg 1,DTP,Benthic,,KIN,25,KIN-5207,belt,,Protected Slope,Mid,3x20m,6.382923,-162.444,"10,11",14.3256,"27,28",14.0208,"40,41",14.0208,"89,90",14.0208,NA,NA,,N:\StRS_Sites\2026\SE2602_Line_PRIAs\KIN\KIN-5207,Yes,2152,22.5,C. cupressoides = 1,,DTP,NA,No,No,,completed,,,,PICBLUEFIN,,,,,,,,,,,,,New Annotator,3,,,,,,,,,,,,,,,,,
SE2602,4/22/2026,Leg 1,LHL,Fish,,PAL,16,PAL-5236,belt,,Forereef,Shallow,3x20m,5.86809,-162.065,"21,22",3.6576,"23,24",3.6576,"79,80",3.6576,"96,97",3.6576,NA,NA,,N:\StRS_Sites\2026\SE2602_Line_PRIAs\PAL\PAL-5236,Yes,3113,38.9,"surgey, spur and groove",red - not white balanced,LHL,NA,Yes,No,,completed,,,,PICBELUGA,,,,,,,,,,,,,CGA,3,,,,,,,,,,,,,,,,,
SE2602,4/22/2026,Leg 1,A_S,Fish,,PAL,21,PAL-5237,belt,,Forereef,Mid,3x20m,5.866958,-162.108,"17,18",6.4008,"37,38",6.4008,"57,58",7.3152,"67,68",7.3152,NA,NA,,N:\StRS_Sites\2026\SE2602_Line_PRIAs\PAL\PAL-5237,Yes,2111,28.2,,Camera would not white balance.,A_S,NA,Yes,No,,completed,,,,PICBELUGA,,,,,,,,,,,,,SJD,3,,,,,,,,,,,,,,,,,
SE2602,4/22/2026,Leg 1,A_S,Fish,,PAL,22,PAL-5238,belt,,Forereef,Shallow,3x20m,5.875806,-162.114,"17,18",2.1336,"37,38",1.8288,"57,58",1.524,"67,68",1.524,NA,NA,,N:\StRS_Sites\2026\SE2602_Line_PRIAs\PAL\PAL-5238,Yes,2478,30.4,,,LHL,NA,No,No,,completed,,,,PICBLUEFIN,,,,,,,,,,,,,RML,3,,,,,,,,,,,,,,,,,
SE2602,4/20/2026,Leg 1,LHL,Fish,,PAL,13,PAL-5247,belt,,Forereef,Shallow,3x20m,5.881474,-162.122,"21,22",4.8768,"23,24",4.572,"79,80",3.9624,"96,97",5.1816,NA,NA,,N:\StRS_Sites\2026\SE2602_Line_PRIAs\PAL\PAL-5247,Yes,3265,39.3,super pinnacle-y / structural. also only went from A marker (pink flag) to black flag after D.,"a few photos over exposed, a few photos with blue tint.",LLUERS,NA,No,No,,completed,,,,PICBELUGA,,,,,,,,,,,,,MNW,3,,,,,,,,,,,,,,,,,
SE2602,5/6/2026,Leg 1,A_S,Fish,,JAR,28,JAR-2138,belt,,Forereef,Shallow,3x20m,-0.37552,-159.979,"17,18",7.3152,"37,38",7.9248,"57,58",7.62,"67,68",7.62,NA,NA,,N:\StRS_Sites\2026\SE2602_Line_PRIAs\JAR\JAR-2138,Yes,2138,24,,Forgot to take slate photo. This was recorded as dive 4 ut should be dive 2. All other meta data has been corrected.,A_S,NA,No,No,,completed,,,,PICSQ99,,,,,,,,,,,,,MSL,3,,,,,,,,,,,,,,,,,
SE2602,7/20/2026,Leg 3,JWS,Fish,,HOW,28,HOW-1150,belt,,Forereef,Shallow,3x20m,0.805248,-176.61,"21,22",5.4864,"23,24",5.1816,"79,80",5.1816,"96,97",5.4864,NA,NA,,N:\StRS_Sites\2026\SE2602_PRIA_SAMOA_SAMOA\HOW\HOW-1150,Yes,1533,17.6,,,JWS,NA,No,No,,NA,,,,NA,,,,,,,,,,,,,,3,,,,,,,,,,,,,,,,,
SE2602,7/21/2026,Leg 3,MSL,Fish,,HOW,8,HOW-1152,belt,,Forereef,Shallow,3x20m,0.81187,-176.612,"3,4",4.8768,"51,52",4.2672,"83,84",4.572,"91,92",4.572,NA,NA,,N:\StRS_Sites\2026\SE2602_PRIA_SAMOA_SAMOA\HOW\HOW-1152,Yes,1530,15,,Some shadowing,MSL,NA,No,No,,NA,,,,NA,,,,,,,,,,,,,,3,,,,,,,,,,,,,,,,,
SE2602,7/20/2026,Leg 3,A_S,Fish,,HOW,28,HOW-1154,belt,,Forereef,Shallow,3x20m,0.814839,-176.614,"21,22",3.3528,"23,24",3.3528,"79,80",3.048,"96,97",3.6576,NA,NA,,N:\StRS_Sites\2026\SE2602_PRIA_SAMOA_SAMOA\HOW\HOW-1154,Yes,2276,25.5,,,CA,NA,No,No,,NA,,,,NA,,,,,,,,,,,,,,3,,,,,,,,,,,,,,,,,
SE2602,5/2/2026,Leg 1,M_C,Fish,,JAR,22,JAR-2146,belt,,Forereef,Shallow,3x20m,-0.36505,-160.006,"21,22",4.572,"23,24",3.3528,"79,80",2.7432,"96,97",5.7912,NA,NA,,N:\StRS_Sites\2026\SE2602_Line_PRIAs\JAR\JAR-2146,Yes,1578,20,,some of the photos a bit dark,BHEDGER,NA,No,No,,completed,,,,PICBELUGA,,,,,,,,,,,,,New Annotator,3,,,,,,,,,,,,,,,,,
SE2602,7/22/2026,Leg 3,J_M,Fish,,HOW,28,HOW-1156,belt,,Forereef,Shallow,3x20m,0.812613,-176.613,"3,4",3.048,"51,52",3.3528,"83,84",3.3528,"91,92",3.048,NA,NA,,N:\StRS_Sites\2026\SE2602_PRIA_SAMOA_SAMOA\HOW\HOW-1156,Yes,2180,23.1,,"Surgey, lots of sediment in the water column",J_M,NA,No,No,,NA,,,,NA,,,,,,,,,,,,,,3,,,,,,,,,,,,,,,,,
SE2602,7/21/2026,Leg 3,CLL,Fish,,HOW,5,HOW-1157,belt,,Forereef,Shallow,3x20m,0.819355,-176.618,"10,11",4.572,"27,28",4.572,"40,41",4.572,"89,90",4.8768,NA,NA,,N:\StRS_Sites\2026\SE2602_PRIA_SAMOA_SAMOA\HOW\HOW-1157,Yes,1189,12.1,,,CA,NA,No,No,,NA,,,,NA,,,,,,,,,,,,,,3,,,,,,,,,,,,,,,,,
SE2602,7/23/2026,Leg 3,M_C,Fish,,HOW,19,HOW-1159,belt,,Forereef,Shallow,3x20m,0.793856,-176.612,"21,22",5.7912,"23,24",5.4864,"79,80",6.096,"96,97",6.4008,NA,NA,,N:\StRS_Sites\2026\SE2602_PRIA_SAMOA_SAMOA\HOW\HOW-1159,Yes,1636,20.6,,,,NA,No,No,,NA,,,,NA,,,,,,,,,,,,,,3,,,,,,,,,,,,,,,,,
SE2602,7/20/2026,Leg 3,M_C,Fish,,HOW,21,HOW-1162,belt,,Forereef,Shallow,3x20m,0.819606,-176.617,"3,4",5.7912,"51,52",5.4864,"83,84",5.4864,"91,92",5.7912,NA,NA,,N:\StRS_Sites\2026\SE2602_PRIA_SAMOA_SAMOA\HOW\HOW-1162,Yes,1624,17.1,,,,NA,No,No,,NA,,,,NA,,,,,,,,,,,,,,3,,,,,,,,,,,,,,,,,
SE2602,7/23/2026,Leg 3,ZTT,Fish,,HOW,28,HOW-1164,belt,,Forereef,Shallow,3x20m,0.821611,-176.622,"3,4",4.8768,"51,52",5.4864,"83,84",5.4864,"91,92",5.4864,NA,NA,,N:\StRS_Sites\2026\SE2602_PRIA_SAMOA_SAMOA\HOW\HOW-1164,Yes,1958,21.8,,,ZTT,NA,No,No,,NA,,,,NA,,,,,,,,,,,,,,3,,,,,,,,,,,,,,,,,
SE2602,7/19/2026,Leg 3,LHL,Fish,,HOW,19,HOW-1165,belt,,Forereef,Shallow,3x20m,0.82014,-176.62,"3,4",3.048,"51,52",3.3528,"83,84",3.3528,"91,92",4.572,NA,NA,,N:\StRS_Sites\2026\SE2602_PRIA_SAMOA_SAMOA\HOW\HOW-1165,Yes,1243,13,"scalebar B flipped, A and C moved during survey due to surge and currents. likely gaps, flew through some sections",,LHL,NA,No,No,,NA,,,,NA,,,,,,,,,,,,,,3,,,,,,,,,,,,,,,,,
SE2602,7/20/2026,Leg 3,RCB,Fish,,HOW,21,HOW-1170,belt,,Forereef,Shallow,3x20m,0.810015,-176.622,"3,4",3.048,"51,52",3.3528,"83,84",2.4384,"91,92",3.048,NA,NA,,N:\StRS_Sites\2026\SE2602_PRIA_SAMOA_SAMOA\HOW\HOW-1170,Yes,1407,15.7,,"Will need to be white balanced, camera would not white balance.",RCB,NA,No,No,,NA,,,,NA,,,,,,,,,,,,,,3,,,,,,,,,,,,,,,,,
SE2602,7/20/2026,Leg 3,RML,Fish,,HOW,28,HOW-1174,belt,,Forereef,Shallow,3x20m,0.798626,-176.611,"21,22",4.8768,"23,24",4.572,"79,80",4.572,"96,97",4.572,NA,NA,,N:\StRS_Sites\2026\SE2602_PRIA_SAMOA_SAMOA\HOW\HOW-1174,Yes,1643,19.9,Scalebar D flipped over,Scalebar D flipped over,RML,NA,No,No,,NA,,,,NA,,,,,,,,,,,,,,3,,,,,,,,,,,,,,,,,
SE2602,7/22/2026,Leg 3,ZTT,Fish,,HOW,19,HOW-1201,belt,,Forereef,Shallow,3x20m,0.817027,-176.615,"21,22",4.2672,"23,24",4.2672,"79,80",4.2672,"96,97",4.2672,NA,NA,,N:\StRS_Sites\2026\SE2602_PRIA_SAMOA_SAMOA\HOW\HOW-1201,Yes,3736,42.2,,,ZTT,NA,No,No,,NA,,,,NA,,,,,,,,,,,,,,3,,,,,,,,,,,,,,,,,
SE2602,5/3/2026,Leg 1,M_C,Fish,,JAR,5,JAR-2153,belt,,Forereef,Shallow,3x20m,-0.38104,-160.007,"17,18",3.048,"37,38",3.048,"57,58",4.2672,"67,68",3.6576,NA,NA,,N:\StRS_Sites\2026\SE2602_Line_PRIAs\JAR\JAR-2153,Yes,1227,13.4,,some photos dark/shadowy,BHEDGER,NA,No,Yes,,completed,,,,PICBELUGA,,,,,,,,,,,,,CGA,3,,,,,,,,,,,,,,,,,
SE2602,5/4/2026,Leg 1,MSL,Fish,,JAR,21,JAR-2155,belt,,Forereef,Shallow,3x20m,-0.38132,-159.985,"17,18",6.096,"37,38",6.096,"57,58",5.1816,"67,68",4.8768,NA,NA,,N:\StRS_Sites\2026\SE2602_Line_PRIAs\JAR\JAR-2155,Yes,1668,20.2,,,BHEDGER,NA,No,No,,completed,,,,PICBELUGA,,,,,,,,,,,,,SJD,3,,,,,,,,,,,,,,,,,
SE2602,5/5/2026,Leg 1,MSL,Fish,,JAR,22,JAR-2158,belt,,Forereef,Shallow,3x20m,-0.36436,-159.988,"21,22",3.9624,"23,24",4.572,"79,80",4.572,"96,97",4.572,NA,NA,,N:\StRS_Sites\2026\SE2602_Line_PRIAs\JAR\JAR-2158,Yes,1597,20.6,,,LHL,NA,No,No,,completed,,,,PICBLUEFIN,,,,,,,,,,,,,RML,3,,,,,,,,,,,,,,,,,
SE2602,5/4/2026,Leg 1,LHL,Fish,,JAR,21,JAR-2164,belt,,Forereef,Shallow,3x20m,-0.37977,-159.983,"17,18",5.7912,"37,38",5.7912,"57,58",6.096,"67,68",6.096,NA,NA,,N:\StRS_Sites\2026\SE2602_Line_PRIAs\JAR\JAR-2164,Yes,1265,13.3,current and surge sped up sfm,some dark diver shadow,LHL,NA,No,No,,completed,,,,PICBELUGA,,,,,,,,,,,,,MNW,3,,,,,,,,,,,,,,,,,
SE2602,5/6/2026,Leg 1,DTP,Fish,,JAR,5,JAR-2165,belt,,Forereef,Shallow,3x20m,-0.37107,-159.984,"21,22",3.3528,"23,24",2.7432,"79,80",3.3528,"96,97",3.6576,NA,NA,,N:\StRS_Sites\2026\SE2602_Line_PRIAs\JAR\JAR-2165,Yes,1854,23.5,,,DTP,NA,No,No,,completed,,,,PICBLUEFIN,,,,,,,,,,,,,MSL,3,,,,,,,,,,,,,,,,,
SE2602,5/5/2026,Leg 1,ZTT,Fish,,JAR,23,JAR-2167,belt,,Forereef,Shallow,3x20m,-0.37823,-159.983,"10,11",4.8768,"27,28",4.2672,"40,41",4.2672,"89,90",5.1816,NA,NA,,N:\StRS_Sites\2026\SE2602_Line_PRIAs\JAR\JAR-2167,Yes,2021,22.5,,,ZTT,NA,No,No,,completed,,,,PICBLUEFIN,,,,,,,,,,,,,New Annotator,3,,,,,,,,,,,,,,,,,
SE2602,5/5/2026,Leg 1,DTP,Fish,,JAR,18,JAR-2168,belt,,Forereef,Shallow,3x20m,-0.36375,-159.992,"17,18",5.1816,"37,38",4.8768,"57,58",6.096,"67,68",5.7912,NA,NA,,N:\StRS_Sites\2026\SE2602_Line_PRIAs\JAR\JAR-2168,Yes,1854,23.7,,,BHEDGER,NA,No,No,,completed,,,,PICBELUGA,,,,,,,,,,,,,CGA,3,,,,,,,,,,,,,,,,,
SE2602,5/5/2026,Leg 1,J_C,Fish,,JAR,22,JAR-2170,belt,,Forereef,Shallow,3x20m,-0.36334,-159.994,"21,22",3.6576,"23,24",6.096,"79,80",5.7912,"96,97",5.4864,NA,NA,,N:\StRS_Sites\2026\SE2602_Line_PRIAs\JAR\JAR-2170,Yes,1977,26.6,,,LHL,NA,No,No,,completed,,,,PICBELUGA,,,,,,,,,,,,,SJD,3,,,,,,,,,,,,,,,,,
SE2602,5/5/2026,Leg 1,LHL,Fish,,JAR,22,JAR-2176,belt,,Forereef,Shallow,3x20m,-0.36398,-159.99,"21,22",5.7912,"23,24",5.1816,"79,80",5.1816,"96,97",5.1816,NA,NA,,N:\StRS_Sites\2026\SE2602_Line_PRIAs\JAR\JAR-2176,Yes,1531,18.3,,,LHL,NA,No,No,,completed,,,,PICSQ99,,,,,,,,,,,,,RML,3,,,,,,,,,,,,,,,,,
SE2602,5/2/2026,Leg 1,LHL,Fish,,JAR,22,JAR-2180,belt,,Forereef,Shallow,3x20m,-0.37071,-160.009,"21,22",3.6576,"23,24",3.048,"79,80",3.3528,"96,97",3.048,NA,NA,,N:\StRS_Sites\2026\SE2602_Line_PRIAs\JAR\JAR-2180,Yes,1782,23.7,,,LHL,NA,No,No,,completed,,,,PICBELUGA,,,,,,,,,,,,,MNW,3,,,,,,,,,,,,,,,,,
SE2602,4/23/2026,Leg 1,MSL,Fish,,PAL,20,PAL-5263,belt,,Forereef,Mid,3x20m,5.883855,-162.038,"21,22",13.716,"23,24",12.8016,"79,80",14.3256,"96,97",13.4112,NA,NA,,N:\StRS_Sites\2026\SE2602_Line_PRIAs\PAL\PAL-5263,Yes,2241,25.6,,,BHEDGER,NA,No,No,,completed,,,,PICBLUEFIN,,,,,,,,,,,,,MSL,3,,,,,,,,,,,,,,,,,
SE2602,7/17/2026,Leg 3,LHL,Fish,,BAK,20,BAK-2090,belt,,Forereef,Shallow,3x20m,0.196564,-176.486,"21,22",3.3528,"23,24",3.3528,"79,80",3.048,"96,97",4.572,NA,NA,,N:\StRS_Sites\2026\SE2602_PRIA_SAMOA_SAMOA\BAK\BAK-2090,Yes,1664,18.3,error 20 2 times in last 2 passes,"image will have wrong depth for D scalebar, error 20 twice on last two passes and 'busy' as well as surgey shallows so may be some gaps.",LHL,NA,No,No,,NA,,,,NA,,,,,,,,,,,,,,3,,,,,,,,,,,,,,,,,
SE2602,7/15/2026,Leg 3,CA,Fish,,BAK,16,BAK-2127,belt,,Forereef,Shallow,3x20m,0.196704,-176.469,"3,4",3.048,"51,52",3.9624,"83,84",3.6576,"93,94",2.7432,NA,NA,,N:\StRS_Sites\2026\SE2602_PRIA_SAMOA_SAMOA\BAK\BAK-2127,Yes,2078,25.5,lots of drupella,camera error 20 on 5th pass. was able to restart camera and finish survey,CA,NA,No,No,,NA,,,,NA,,,,,,,,,,,,,,3,,,,,,,,,,,,,,,,,
SE2602,7/16/2026,Leg 3,A_S,Fish,,BAK,5,BAK-2140,belt,,Forereef,Shallow,3x20m,0.202079,-176.469,"21,22",4.2672,"23,24",4.8768,"79,80",5.1816,"96,97",4.8768,NA,NA,,N:\StRS_Sites\2026\SE2602_PRIA_SAMOA_SAMOA\BAK\BAK-2140,Yes,2171,23,"Shallow site, plenty of recruits. Slow camera, lots of surge. Sorry!",,CA,NA,No,No,,NA,,,,NA,,,,,,,,,,,,,,3,,,,,,,,,,,,,,,,,
SE2602,7/16/2026,Leg 3,M_C,Fish,,BAK,21,BAK-2142,belt,,Forereef,Shallow,3x20m,0.200197,-176.467,"10,11",6.096,"27,28",6.096,"40,41",5.1816,"89,90",4.8768,NA,NA,,N:\StRS_Sites\2026\SE2602_PRIA_SAMOA_SAMOA\BAK\BAK-2142,Yes,1496,17.3,,,,NA,No,No,,NA,,,,NA,,,,,,,,,,,,,,3,,,,,,,,,,,,,,,,,
SE2602,7/16/2026,Leg 3,RCB,Fish,,BAK,19,BAK-2156,belt,,Forereef,Shallow,3x20m,0.192349,-176.467,"3,4",5.4864,"51,52",4.8768,"83,84",5.1816,"91,92",5.1816,NA,NA,,N:\StRS_Sites\2026\SE2602_PRIA_SAMOA_SAMOA\BAK\BAK-2156,Yes,1539,19.5,,,LHL,NA,No,No,,NA,,,,NA,,,,,,,,,,,,,,3,,,,,,,,,,,,,,,,,
SE2602,7/15/2026,Leg 3,RML,Fish,,BAK,12,BAK-2157,belt,,Forereef,Shallow,3x20m,0.194453,-176.465,"21,22",6.7056,"23,24",6.096,"79,80",6.096,"96,97",5.4864,NA,NA,,N:\StRS_Sites\2026\SE2602_PRIA_SAMOA_SAMOA\BAK\BAK-2157,Yes,2115,25.5,,,RML,NA,No,No,,NA,,,,NA,,,,,,,,,,,,,,3,,,,,,,,,,,,,,,,,
SE2602,7/18/2026,Leg 3,J_M,Fish,,BAK,21,BAK-2160,belt,,Forereef,Shallow,3x20m,0.203532,-176.48,"10,11",5.1816,"27,28",3.9624,"40,41",4.2672,"89,90",5.7912,NA,NA,,N:\StRS_Sites\2026\SE2602_PRIA_SAMOA_SAMOA\BAK\BAK-2160,Yes,2028,25.8,surgey + current,,J_M,NA,No,No,,NA,,,,NA,,,,,,,,,,,,,,3,,,,,,,,,,,,,,,,,
SE2602,7/16/2026,Leg 3,RML,Fish,,BAK,5,BAK-2161,belt,,Forereef,Shallow,3x20m,0.197899,-176.468,"21,22",3.9624,"23,24",3.9624,"79,80",3.9624,"96,97",3.9624,NA,NA,,N:\StRS_Sites\2026\SE2602_PRIA_SAMOA_SAMOA\BAK\BAK-2161,Yes,2120,17.9,Very surgy and slow camera,,RML,NA,No,No,,NA,,,,NA,,,,,,,,,,,,,,3,,,,,,,,,,,,,,,,,
SE2602,4/22/2026,Leg 1,DTP,Fish,,PAL,16,PAL-5265,belt,,Forereef,Mid,3x20m,5.867848,-162.069,"21,22",14.9352,"23,24",15.24,"79,80",14.9352,"96,97",14.3256,NA,NA,,N:\StRS_Sites\2026\SE2602_Line_PRIAs\PAL\PAL-5265,Yes,2471,27,camera would not wb,"a bit dark, maybe needs color correction",DTP,NA,No,Yes,,completed,,,,PICBLUEFIN,,,,,,,,,,,,,New Annotator,3,,,,,,,,,,,,,,,,,
SE2602,6/7/2026,Leg 2,J_C,Fish,,ROS,21,ROS-5349,belt,NMSAS_MULIAVA,Forereef,Deep,3x15m,-14.5525,-168.141,"21,22",21.336,"23,24",23.4696,"79,80",22.5552,,NA,NA,NA,,N:\StRS_Sites\2026\SE2602_PRIA_SAMOA_SAMOA\ROS\ROS-5349,Yes,2033,23.9,,Couldn't white balance,J_C,NA,Yes,No,,NA,,,,NA,,,,,,,,,,,,,,4,,,,,,,,,,,,,,,,,
SE2602,6/7/2026,Leg 2,VAB,Fish,,ROS,5,ROS-5367,belt,NMSAS_MULIAVA,Forereef,Deep,3x15m,-14.5467,-168.138,"21,22",24.384,"23,24",23.4696,"79,80",22.86,,NA,NA,NA,,N:\StRS_Sites\2026\SE2602_PRIA_SAMOA_SAMOA\ROS\ROS-5367,Yes,1333,15.6,Camera was quite slow and we were low on NDL.,Slate was caught in the corner of a few photos - 4483-4489. Some diver shadow due to light.,VAB,NA,No,No,,NA,,,,NA,,,,,,,,,,,,,,4,,,,,,,,,,,,,,,,,
SE2602,4/25/2026,Leg 1,J_C,Fish,,PAL,21,PAL-5266,belt,,Forereef,Shallow,3x20m,5.867382,-162.062,"21,22",3.9624,"23,24",4.8768,"79,80",4.2672,"96,97",4.2672,NA,NA,,N:\StRS_Sites\2026\SE2602_Line_PRIAs\PAL\PAL-5266,Yes,2046,23.7,,,J_C,NA,No,No,,completed,,,,PICBELUGA,,,,,,,,,,,,,CGA,3,,,,,,,,,,,,,,,,,
SE2602,4/23/2026,Leg 1,DTP,Fish,,PAL,18,PAL-5267,belt,,Forereef,Shallow,3x20m,5.866857,-162.042,"17,18",5.4864,"37,38",4.8768,"57,58",4.572,"67,68",3.9624,NA,NA,,N:\StRS_Sites\2026\SE2602_Line_PRIAs\PAL\PAL-5267,Yes,1365,14.2,Very surgy!,,DTP,NA,No,No,,completed,,,,PICBLUEFIN,,,,,,,,,,,,,SJD,3,,,,,,,,,,,,,,,,,
SE2602,4/24/2026,Leg 1,J_C,Fish,,PAL,16,PAL-5169,belt,,Forereef,Deep,3x15m,5.882515,-162.145,"21,22",27.7368,"23,24",27.7368,"79,80",27.1272,,NA,NA,NA,,N:\StRS_Sites\2026\SE2602_Line_PRIAs\PAL\PAL-5169,Yes,1377,14.1,,,MNW,NA,No,No,,completed,,,,PICBLUEFIN,,,,,,,,,,,,,,4,,,,,,,,,,,,,,,,,
SE2602,5/30/2026,Leg 2,MNW,Fish,,ROS,12,ROS-5340,belt,NMSAS_MULIAVA,Forereef,Deep,3x15m,-14.5307,-168.156,"21,22",21.9456,"23,24",22.86,"79,80",21.6408,,NA,NA,NA,,N:\StRS_Sites\2026\SE2602_PRIA_SAMOA_SAMOA\ROS\ROS-5340,Yes,1906,22.3,,,CA,NA,No,No,,completed,,,,PICBLUEFIN,,,,,,,,,,,,,,4,,,,,,,,,,,,,,,,,
SE2602,5/30/2026,Leg 2,CA,Fish,,ROS,26,ROS-5361,belt,NMSAS_MULIAVA,Forereef,Mid,3x20m,-14.5372,-168.17,"3,4",11.8872,"37,38",12.192,"57,58",13.716,"67,68",13.4112,NA,NA,,N:\StRS_Sites\2026\SE2602_PRIA_SAMOA_SAMOA\ROS\ROS-5361,Yes,2042,23.6,,,CA,NA,No,No,,NA,,,,NA,,,,,,,,,,,,,,4,,,,,,,,,,,,,,,,,
SE2602,5/30/2026,Leg 2,CA,Fish,,ROS,26,ROS-5368,belt,NMSAS_MULIAVA,Forereef,Mid,3x20m,-14.536,-168.163,"3,4",16.4592,"37,38",18.5928,"57,58",16.1544,"67,68",16.4592,NA,NA,,N:\StRS_Sites\2026\SE2602_PRIA_SAMOA_SAMOA\ROS\ROS-5368,Yes,2640,26.2,,some dark photos,CA,NA,No,No,,NA,,,,NA,,,,,,,,,,,,,,4,,,,,,,,,,,,,,,,,
SE2602,5/29/2026,Leg 2,RML,Fish,,ROS,18,ROS-5336,belt,NMSAS_MULIAVA,Forereef,Deep,3x15m,-14.5565,-168.163,"21,22",22.5552,"23,24",22.86,"79,80",23.1648,,NA,NA,NA,,N:\StRS_Sites\2026\SE2602_PRIA_SAMOA_SAMOA\ROS\ROS-5336,Yes,1852,23.4,"Very surgy. Had to stop & start partway through cause gear malfunction. Finished full belt, but not my best work....",,RML,NA,No,No,,completed,,,,PICBELUGA,,,,,,,,,,,,,,4,,,,,,,,,,,,,,,,,
SE2602,5/29/2026,Leg 2,MNW,Fish,,ROS,25,ROS-5346,belt,NMSAS_MULIAVA,Forereef,Mid,3x20m,-14.5378,-168.147,"3,4",8.8392,"37,38",7.9248,"57,58",8.5344,"67,68",8.5344,NA,NA,,N:\StRS_Sites\2026\SE2602_PRIA_SAMOA_SAMOA\ROS\ROS-5346,Yes,1814,21.6,,,CA,NA,No,No,,completed,,,,PICBELUGA,,,,,,,,,,,,,,4,,,,,,,,,,,,,,,,,
SE2602,5/29/2026,Leg 2,MNW,Fish,,ROS,25,ROS-5382,belt,NMSAS_MULIAVA,Forereef,Shallow,3x20m,-14.5343,-168.16,"3,4",4.572,"37,38",4.572,"57,58",5.4864,"67,68",5.4864,NA,NA,,N:\StRS_Sites\2026\SE2602_PRIA_SAMOA_SAMOA\ROS\ROS-5382,Yes,2144,24.4,,,CA,NA,No,No,,NA,,,,NA,,,,,,,,,,,,,,4,,,,,,,,,,,,,,,,,
SE2602,6/7/2026,Leg 2,RML,Fish,,ROS,21,ROS-5380,belt,NMSAS_MULIAVA,Forereef,Shallow,3x20m,-14.5545,-168.146,"21,22",4.8768,"23,24",4.8768,"79,80",5.4864,"96,97",4.572,NA,NA,,N:\StRS_Sites\2026\SE2602_PRIA_SAMOA_SAMOA\ROS\ROS-5380,Yes,2501,29.2,Very surgy - scale bar B may have shifted,,J_C,NA,No,No,,NA,,,,NA,,,,,,,,,,,,,,4,,,,,,,,,,,,,,,,,
SE2602,7/9/2026,Leg 3,LHL,Fish,,SWA,12,SWA-1034,belt,NMSAS_SWA_OPEN,Forereef,Deep,3x15m,-11.0656,-171.073,"21,22",24.0792,"23,24",23.1648,"79,80",24.0792,,NA,NA,NA,,N:\StRS_Sites\2026\SE2602_PRIA_SAMOA_SAMOA\SWA\SWA-1034,Yes,16.5,1490,SfM could not WB - Busy,not WB. scalebars may not have been fully flat,LHL,NA,Yes,No,,NA,,,,NA,,,,,,,,,,,,,,4,,,,,,,,,,,,,,,,,
SE2602,7/10/2026,Leg 3,M_C,Fish,,SWA,21,SWA-997,belt,NMSAS_SWAINS,Forereef,Deep,3x15m,-11.0457,-171.079,"21,22",22.2504,"23,24",22.5552,"79,80",22.5552,,NA,NA,NA,,N:\StRS_Sites\2026\SE2602_PRIA_SAMOA_SAMOA\SWA\SWA-997,Yes,1402,13.6,,,LLUERS,NA,No,No,,NA,,,,NA,,,,,,,,,,,,,,4,,,,,,,,,,,,,,,,,
SE2602,7/11/2026,Leg 3,MSL,Fish,,SWA,8,SWA-1007,belt,NMSAS_SWAINS,Forereef,Mid,3x20m,-11.0453,-171.074,"10,11",17.9832,"27,28",17.3736,"40,41",19.2024,"89,90",17.9832,NA,NA,,N:\StRS_Sites\2026\SE2602_PRIA_SAMOA_SAMOA\SWA\SWA-1007,Yes,1426,17.2,,,MSL,NA,No,No,,NA,,,,NA,,,,,,,,,,,,,,4,,,,,,,,,,,,,,,,,
SE2602,7/9/2026,Leg 3,ZTT,Fish,,SWA,23,SWA-1009,belt,NMSAS_SWAINS,Forereef,Mid,3x20m,-11.0459,-171.07,"10,11",12.4968,"27,28",13.716,"40,41",14.3256,"89,90",14.3256,NA,NA,,N:\StRS_Sites\2026\SE2602_PRIA_SAMOA_SAMOA\SWA\SWA-1009,Yes,2304,31.1,camera verrrrry slow. lots of pausing trying go backwards,,MSL,NA,No,No,,NA,,,,NA,,,,,,,,,,,,,,4,,,,,,,,,,,,,,,,,
SE2602,7/9/2026,Leg 3,RCB,Fish,,SWA,20,SWA-1013,belt,NMSAS_SWAINS,Forereef,Mid,3x20m,-11.0628,-171.088,"3,4",9.7536,"51,52",11.2776,"83,84",12.192,"91,92",10.0584,NA,NA,,N:\StRS_Sites\2026\SE2602_PRIA_SAMOA_SAMOA\SWA\SWA-1013,Yes,1959,22.3,,"On final pass (1.5 meter height) the ""C"" Bar with compass was shifted by surge.",RML,NA,No,No,,NA,,,,NA,,,,,,,,,,,,,,4,,,,,,,,,,,,,,,,,
SE2602,7/10/2026,Leg 3,SJD,Fish,,SWA,21,SWA-1015,belt,NMSAS_SWAINS,Forereef,Mid,3x20m,-11.0455,-171.076,"21,22",14.9352,"23,24",14.9352,"79,80",15.24,"96,97",14.9352,NA,NA,,N:\StRS_Sites\2026\SE2602_PRIA_SAMOA_SAMOA\SWA\SWA-1015,Yes,1751,19.5,,images look a little blue,LLUERS,NA,Yes,No,,NA,,,,NA,,,,,,,,,,,,,,4,,,,,,,,,,,,,,,,,
SE2602,7/11/2026,Leg 3,SJD,Fish,,SWA,8,SWA-1020,belt,NMSAS_SWAINS,Forereef,Mid,3x20m,-11.0472,-171.084,"10,11",7.0104,"27,28",5.7912,"40,41",6.096,"89,90",6.096,NA,NA,,N:\StRS_Sites\2026\SE2602_PRIA_SAMOA_SAMOA\SWA\SWA-1020,Yes,1612,19,,,CA,NA,No,No,,NA,,,,NA,,,,,,,,,,,,,,4,,,,,,,,,,,,,,,,,
SE2602,7/9/2026,Leg 3,CLL,Fish,,SWA,23,SWA-1021,belt,NMSAS_SWAINS,Forereef,Mid,3x20m,-11.0485,-171.068,"10,11",15.24,"27,28",18.288,"40,41",15.24,"89,90",16.4592,NA,NA,,N:\StRS_Sites\2026\SE2602_PRIA_SAMOA_SAMOA\SWA\SWA-1021,Yes,1712,22.6,,,MSL,NA,No,No,,NA,,,,NA,,,,,,,,,,,,,,4,,,,,,,,,,,,,,,,,
SE2602,7/11/2026,Leg 3,CA,Fish,,SWA,5,SWA-1047,belt,NMSAS_SWAINS,Forereef,Mid,3x20m,-11.0664,-171.075,"21,22",8.5344,"23,24",9.7536,"79,80",8.8392,"96,97",9.7536,NA,NA,,N:\StRS_Sites\2026\SE2602_PRIA_SAMOA_SAMOA\SWA\SWA-1047,Yes,1911,18.4,,surgey,CA,NA,No,No,,NA,,,,NA,,,,,,,,,,,,,,4,,,,,,,,,,,,,,,,,
SE2602,7/11/2026,Leg 3,M_C,Fish,,SWA,28,SWA-1019,belt,NMSAS_SWAINS,Forereef,Mid,3x20m,-11.0473,-171.087,"3,4",15.24,"51,52",13.716,"83,84",15.24,"91,92",NA,NA,NA,,N:\StRS_Sites\2026\SE2602_PRIA_SAMOA_SAMOA\SWA\SWA-1019,Yes,1642,16.5,,,MSL,NA,No,No,,NA,,,,NA,,,,,,,,,,,,,,4,,,,,,,,,,,,,,,,,
SE2602,7/9/2026,Leg 3,LHL,Fish,,SWA,12,SWA-1012,belt,NMSAS_SWAINS,Forereef,Mid,3x20m,-11.055,-171.064,"21,22",11.5824,"23,24",9.7536,"79,80",10.9728,"96,97",10.3632,NA,NA,,N:\StRS_Sites\2026\SE2602_PRIA_SAMOA_SAMOA\SWA\SWA-1012,Yes,2009,23.5,1 extra pass down the middle. scalebars may not have been flat.,made 1 extra pass underneath transect.,LHL,NA,No,No,,NA,,,,NA,,,,,,,,,,,,,,4,,,,,,,,,,,,,,,,,
SE2602,5/27/2026,Leg 2,VAB,Fish,,TAU,22,TAU-1343,belt,NMSAS_TAU,Forereef,Deep,3x15m,-14.2615,-169.5,"21,22",19.812,"23,24",19.5072,"79,80",20.4216,,NA,NA,NA,,N:\StRS_Sites\2026\SE2602_PRIA_SAMOA_SAMOA\TAU\TAU-1343,Yes,1666,23.4,,First SfM with significant relief. Feedback on model would be welcome.,VAB,NA,No,No,,NA,,,,NA,,,,,,,,,,,,,,4,,,,,,,,,,,,,,,,,
SE2602,5/27/2026,Leg 2,J_M,Fish,,TAU,23,TAU-1376,belt,NMSAS_TAU,Forereef,Mid,3x20m,-14.268,-169.496,"10,11",11.2776,"27,28",10.3632,"40,41",10.3632,"89,90",10.9728,NA,NA,,N:\StRS_Sites\2026\SE2602_PRIA_SAMOA_SAMOA\TAU\TAU-1376,Yes,1793,20.4,,,J_M,NA,No,No,,NA,,,,NA,,,,,,,,,,,,,,4,,,,,,,,,,,,,,,,,
SE2602,5/27/2026,Leg 2,CA,Fish,,TAU,18,TAU-1373,belt,NMSAS_TAU,Forereef,Mid,3x20m,-14.2623,-169.5,"3,4",12.4968,"37,38",12.192,"57,58",12.192,"67,68",11.5824,NA,NA,,N:\StRS_Sites\2026\SE2602_PRIA_SAMOA_SAMOA\TAU\TAU-1373,Yes,1916,23.7,,,CA,NA,No,No,,NA,,,,NA,,,,,,,,,,,,,,4,,,,,,,,,,,,,,,,,
SE2602,5/28/2026,Leg 2,RML,Fish,,TAU,8,TAU-1348,belt,TAU_OPEN,Forereef,Deep,3x15m,-14.2293,-169.417,"21,22",23.1648,"23,24",24.384,"79,80",23.7744,,NA,NA,NA,,N:\StRS_Sites\2026\SE2602_PRIA_SAMOA_SAMOA\TAU\TAU-1348,Yes,1312,15.7,,,RML,NA,No,No,,NA,,,,NA,,,,,,,,,,,,,,4,,,,,,,,,,,,,,,,,
SE2602,5/30/2026,Leg 2,VAB,Fish,,ROS,12,ROS-5355,belt,NMSAS_MULIAVA,Forereef,Mid,3x20m,-14.5348,-168.16,"21,22",13.4112,"23,24",12.192,"79,80",13.1064,"96,97",12.192,NA,NA,,N:\StRS_Sites\2026\SE2602_PRIA_SAMOA_SAMOA\ROS\ROS-5355,Yes,2572,29.6,,,VAB,NA,No,No,,completed,,,,PICBELUGA,,,,,,,,,,,,,,4,,,,,,,,,,,,,,,,,
SE2602,5/29/2026,Leg 2,VAB,Fish,,ROS,18,ROS-5359,belt,NMSAS_MULIAVA,Forereef,Mid,3x20m,-14.5577,-168.152,"21,22",15.24,"23,24",14.9352,"79,80",14.0208,"96,97",14.6304,NA,NA,,N:\StRS_Sites\2026\SE2602_PRIA_SAMOA_SAMOA\ROS\ROS-5359,Yes,1863,23.1,,"Camera would not white balance (""Busy Please Wait....""), Strong surge may have impacted accuracy. Mix of shadowed and slightly overexposed imagery",CA,NA,No,Yes,,completed,,,,PICBELUGA,,,,,,,,,,,,,,4,,,,,,,,,,,,,,,,,
SE2602,5/28/2026,Leg 2,VAB,Fish,,TAU,16,TAU-1401,belt,TAU_OPEN,Forereef,Mid,3x20m,-14.2447,-169.418,"3,4",17.9832,"37,38",17.3736,"57,58",17.3736,"67,68",16.764,NA,NA,,N:\StRS_Sites\2026\SE2602_PRIA_SAMOA_SAMOA\TAU\TAU-1401,Yes,2008,26.2,,"A few photos seem a bit dark (3943-3953). Not sure if that is a hole, or a glitch.",VAB,NA,No,Yes,,NA,,,,NA,,,,,,,,,,,,,,4,,,,,,,,,,,,,,,,,
SE2602,5/28/2026,Leg 2,VAB,Fish,,TAU,16,TAU-1450,belt,TAU_OPEN,Forereef,Shallow,3x20m,-14.2114,-169.431,"3,4",3.9624,"37,38",4.2672,"57,58",4.8768,"67,68",6.4008,NA,NA,,N:\StRS_Sites\2026\SE2602_PRIA_SAMOA_SAMOA\TAU\TAU-1450,Yes,1698,19.3,,,VAB,NA,No,No,,NA,,,,NA,,,,,,,,,,,,,,4,,,,,,,,,,,,,,,,,
SE2602,5/30/2026,Leg 2,J_C,Fish,,ROS,12,ROS-5371,belt,NMSAS_MULIAVA,Forereef,Shallow,3x20m,-14.5364,-168.165,"21,22",4.8768,"23,24",5.4864,"79,80",5.7912,"96,97",4.572,NA,NA,,N:\StRS_Sites\2026\SE2602_PRIA_SAMOA_SAMOA\ROS\ROS-5371,Yes,2229,25.3,,,J_C,NA,No,No,,completed,,,,PICBELUGA,,,,,,,,,,,,,,4,,,,,,,,,,,,,,,,,
SE2602,5/29/2026,Leg 2,J_C,Fish,,ROS,25,ROS-5378,belt,NMSAS_MULIAVA,Forereef,Shallow,3x20m,-14.5431,-168.143,"3,4",4.8768,"37,38",5.4864,"57,58",4.2672,"67,68",6.096,NA,NA,,N:\StRS_Sites\2026\SE2602_PRIA_SAMOA_SAMOA\ROS\ROS-5378,Yes,2219,24.5,,,CA,NA,No,No,,completed,,,,PICBLUEFIN,,,,,,,,,,,,,,4,,,,,,,,,,,,,,,,,
SE2602,5/26/2026,Leg 2,RML,Fish,,TAU,25,TAU-1353,belt,TAU_OPEN,Forereef,Deep,3x15m,-14.2137,-169.473,"21,22",23.1648,"23,24",23.4696,"79,80",22.86,,NA,NA,NA,,N:\StRS_Sites\2026\SE2602_PRIA_SAMOA_SAMOA\TAU\TAU-1353,Yes,1497,15.1,,Some darker images,RML,NA,No,No,,completed,,,,PICBELUGA,,,,,,,,,,,,,,4,,,,,,,,,,,,,,,,,
SE2602,5/26/2026,Leg 2,VAB,Fish,,TAU,25,TAU-1362,belt,TAU_OPEN,Forereef,Deep,3x15m,-14.2144,-169.499,"21,22",29.5656,"23,24",29.5656,"79,80",29.5656,,NA,NA,NA,,N:\StRS_Sites\2026\SE2602_PRIA_SAMOA_SAMOA\TAU\TAU-1362,Yes,1351,17.3,,"Transect was mostly sand with scattered coral heads, may be challenging to align. Photos seem a bit dark. This was my first SfM using the multiple heights so feedback would be appreciated.",VAB,NA,No,Yes,,completed,,,,PICBLUEFIN,,,,,,,,,,,,,,4,,,,,,,,,,,,,,,,,
SE2602,5/26/2026,Leg 2,SJD,Fish,,TAU,20,TAU-1459,belt,TAU_OPEN,Forereef,Shallow,3x20m,-14.2128,-169.446,"3,4",6.4008,"37,38",5.1816,"57,58",4.8768,"67,68",5.4864,NA,NA,,N:\StRS_Sites\2026\SE2602_PRIA_SAMOA_SAMOA\TAU\TAU-1459,Yes,1949,21.3,,,SJD,NA,No,No,,completed,,,,PICBELUGA,,,,,,,,,,,,,,4,,,,,,,,,,,,,,,,,
SE2602,5/24/2026,Leg 2,J_M,Fish,,TUT,18,TUT-6226,belt,TUT_NW_OPEN,Forereef,Mid,3x20m,-14.2875,-170.784,"21,22",10.3632,"23,24",10.9728,"79,80",10.668,"96,97",11.2776,NA,NA,,N:\StRS_Sites\2026\SE2602_PRIA_SAMOA_SAMOA\TUT\TUT-6226,Yes,2702,37.6,,,J_M,NA,No,No,,NA,,,,NA,,,,,,,,,,,,,,4,,,,,,,,,,,,,,,,,
SE2602,6/2/2026,Leg 2,JV,Fish,,TUT,21,TUT-6179,belt,TUT_NE_OPEN,Forereef,Deep,3x15m,-14.2494,-170.647,"10,11",29.5656,"27,28",30.1752,"40,41",29.8704,,NA,NA,NA,,N:\StRS_Sites\2026\SE2602_PRIA_SAMOA_SAMOA\TUT\TUT-6179,Yes,1176,13.4,,No gray card photo and did not white balance. Sorry! Mad dash at the end.,JV,NA,Yes,No,,completed,,,,PICBLUEFIN,,,,,,,,,,,,,,4,,,,,,,,,,,,,,,,,
SE2602,6/2/2026,Leg 2,SH,Fish,,TUT,21,TUT-6338,belt,TUT_NE_OPEN,Forereef,Deep,3x15m,-14.2516,-170.614,"10,11",23.7744,"27,28",24.9936,"40,41",24.9936,,NA,NA,NA,,N:\StRS_Sites\2026\SE2602_PRIA_SAMOA_SAMOA\TUT\TUT-6338,Yes,2046,21.7,,"could not white balance, surgy",SH,NA,Yes,Yes,,completed,,,,PICBELUGA,,,,,,,,,,,,,,4,,,,,,,,,,,,,,,,,
SE2602,6/5/2026,Leg 2,SJD,Fish,,TUT,12,TUT-6242,belt,TUT_SE_OPEN,Forereef,Deep,3x15m,-14.3425,-170.719,"10,11",28.0416,"27,28",28.6512,"40,41",28.3464,,NA,NA,NA,,N:\StRS_Sites\2026\SE2602_PRIA_SAMOA_SAMOA\TUT\TUT-6242,Yes,1065,11.2,,,SJD,NA,No,No,,NA,,,,NA,,,,,,,,,,,,,,4,,,,,,,,,,,,,,,,,
SE2602,6/2/2026,Leg 2,VAB,Fish,,TUT,21,TUT-6331,belt,TUT_NE_OPEN,Forereef,Mid,3x20m,-14.2501,-170.656,"10,11",14.0208,"27,28",12.8016,"40,41",12.8016,"89,90",12.8016,NA,NA,,N:\StRS_Sites\2026\SE2602_PRIA_SAMOA_SAMOA\TUT\TUT-6331,Yes,2060,26.5,,,CA,NA,No,No,,completed,,,,PICBLUEFIN,,,,,,,,,,,,,,4,,,,,,,,,,,,,,,,,
SE2602,5/21/2026,Leg 2,RML,Fish,,TUT,22,TUT-6343,belt,TUT_NE_OPEN,Forereef,Mid,3x20m,-14.2521,-170.697,"3,4",10.0584,"37,38",10.3632,"57,58",10.3632,"67,68",10.668,NA,NA,,N:\StRS_Sites\2026\SE2602_PRIA_SAMOA_SAMOA\TUT\TUT-6343,Yes,1926,24.8,,,RML,NA,No,No,,completed,,,,PICBELUGA,,,,,,,,,,,,,,4,,,,,,,,,,,,,,,,,
SE2602,5/24/2026,Leg 2,J_C,Fish,,TUT,18,TUT-6227,belt,TUT_NW_OPEN,Forereef,Mid,3x20m,-14.2896,-170.744,"21,22",7.0104,"23,24",7.3152,"79,80",7.3152,"96,97",6.7056,NA,NA,,N:\StRS_Sites\2026\SE2602_PRIA_SAMOA_SAMOA\TUT\TUT-6227,Yes,2260,28.3,,,J_C,NA,No,No,,completed,,,,PICBELUGA,,,,,,,,,,,,,,4,,,,,,,,,,,,,,,,,
SE2602,7/16/2026,Leg 3,MSL,Fish,,BAK,21,BAK-2089,belt,,Forereef,Deep,3x15m,0.205882,-176.476,"10,11",21.336,"27,28",21.6408,"40,41",21.9456,,NA,NA,NA,,N:\StRS_Sites\2026\SE2602_PRIA_SAMOA_SAMOA\BAK\BAK-2089,Yes,1561,17.5,Couldn't WB camera,Couldn't WB - images blue,MSL,NA,Yes,No,,NA,,,,NA,,,,,,,,,,,,,,4,,,,,,,,,,,,,,,,,
SE2602,7/16/2026,Leg 3,SJD,Fish,,BAK,5,BAK-2092,belt,,Forereef,Deep,3x15m,0.205655,-176.473,"21,22",22.86,"23,24",22.5552,"79,80",22.86,,NA,NA,NA,,N:\StRS_Sites\2026\SE2602_PRIA_SAMOA_SAMOA\BAK\BAK-2092,Yes,1296,15.1,,,SJD,NA,No,No,,NA,,,,NA,,,,,,,,,,,,,,4,,,,,,,,,,,,,,,,,
SE2602,7/21/2026,Leg 3,M_C,Fish,,HOW,12,HOW-1110,belt,,Forereef,Deep,3x15m,0.805251,-176.609,"21,22",22.86,"23,24",22.5552,"79,80",23.4696,,NA,NA,NA,,N:\StRS_Sites\2026\SE2602_PRIA_SAMOA_SAMOA\HOW\HOW-1110,Yes,1420,16.2,,,,NA,No,No,,NA,,,,NA,,,,,,,,,,,,,,4,,,,,,,,,,,,,,,,,
SE2602,7/22/2026,Leg 3,JWS,Fish,,HOW,21,HOW-1116,belt,,Forereef,Deep,3x15m,0.817066,-176.614,"10,11",24.6888,"27,28",23.7744,"40,41",24.0792,,NA,NA,NA,,N:\StRS_Sites\2026\SE2602_PRIA_SAMOA_SAMOA\HOW\HOW-1116,Yes,1982,20.8,,Some images are pretty dark,JWS,NA,No,No,,NA,,,,NA,,,,,,,,,,,,,,4,,,,,,,,,,,,,,,,,
SE2602,5/24/2026,Leg 2,MNW,Fish,,TUT,12,TUT-6229,belt,TUT_NW_OPEN,Forereef,Mid,3x20m,-14.2928,-170.808,"10,11",9.4488,"27,28",10.668,"40,41",10.3632,"89,90",10.3632,NA,NA,,N:\StRS_Sites\2026\SE2602_PRIA_SAMOA_SAMOA\TUT\TUT-6229,Yes,1823,21,,,CEA,NA,No,No,,completed,,,,PICBELUGA,,,,,,,,,,,,,,4,,,,,,,,,,,,,,,,,
SE2602,5/23/2026,Leg 2,MNW,Fish,,TUT,23,TUT-6279,belt,TUT_SW_OPEN,Forereef,Deep,3x15m,-14.3288,-170.841,"21,22",20.7264,"23,24",20.4216,"79,80",20.4216,,NA,NA,NA,,N:\StRS_Sites\2026\SE2602_PRIA_SAMOA_SAMOA\TUT\TUT-6279,Yes,1194,14.6,,,MNW,NA,No,No,,completed,,,,PICBLUEFIN,,,,,,,,,,,,,,4,,,,,,,,,,,,,,,,,
SE2602,7/18/2026,Leg 3,ZTT,Fish,,BAK,12,BAK-2105,belt,,Forereef,Deep,3x15m,0.195095,-176.458,"21,22",20.1168,"23,24",20.4216,"79,80",20.7264,,NA,NA,NA,,N:\StRS_Sites\2026\SE2602_PRIA_SAMOA_SAMOA\BAK\BAK-2105,Yes,1360,16.8,,,ZTT,NA,No,No,,NA,,,,NA,,,,,,,,,,,,,,4,,,,,,,,,,,,,,,,,
SE2602,7/22/2026,Leg 3,A_S,Fish,,HOW,28,HOW-1117,,,Forereef,Deep,,0.822696,-176.618,"3,4",25.2984,"51,52",25.6032,"83,84",24.9936,,NA,NA,NA,,N:\StRS_Sites\2026\SE2602_PRIA_SAMOA_SAMOA\HOW\HOW-1117,Yes,1598,17.7,,some dark images,CA,NA,No,No,,NA,,,,NA,,,,,,,,,,,,,,4,,,,,,,,,,,,,,,,,
SE2602,7/22/2026,Leg 3,RML,Fish,,HOW,12,HOW-1122,belt,,Forereef,Deep,3x15m,0.804125,-176.609,"10,11",24.384,"27,28",24.9936,"40,41",24.0792,,NA,NA,NA,,N:\StRS_Sites\2026\SE2602_PRIA_SAMOA_SAMOA\HOW\HOW-1122,Yes,1557,17.9,,,RML,NA,No,No,,NA,,,,NA,,,,,,,,,,,,,,4,,,,,,,,,,,,,,,,,
SE2602,5/23/2026,Leg 2,JV,Fish,,TUT,23,TUT-6319,belt,TUT_SW_OPEN,Forereef,Deep,3x15m,-14.3332,-170.822,"21,22",27.432,"23,24",27.432,"79,80",27.1272,,NA,NA,NA,,N:\StRS_Sites\2026\SE2602_PRIA_SAMOA_SAMOA\TUT\TUT-6319,Yes,1392,15.8,,,JV,NA,No,No,,completed,,,,PICBLUEFIN,,,,,,,,,,,,,,4,,,,,,,,,,,,,,,,,
SE2602,5/23/2026,Leg 2,RML,Fish,,TUT,23,TUT-6289,belt,TUT_SW_OPEN,Forereef,Mid,3x20m,-14.3252,-170.843,"21,22",6.096,"23,24",7.0104,"79,80",6.4008,"96,97",6.7056,NA,NA,,N:\StRS_Sites\2026\SE2602_PRIA_SAMOA_SAMOA\TUT\TUT-6289,Yes,2000,22.5,Scale bars may have moved - heavy surge; Site name not on slate photo,,RML,NA,No,No,,completed,,,,PICBLUEFIN,,,,,,,,,,,,,,4,,,,,,,,,,,,,,,,,
SE2602,5/2/2026,Leg 1,MSL,Fish,,JAR,22,JAR-2082,belt,,Forereef,Deep,3x15m,-0.37063,-160.01,"21,22",24.384,"23,24",21.9456,"79,80",22.86,,NA,NA,NA,,N:\StRS_Sites\2026\SE2602_Line_PRIAs\JAR\JAR-2082,Yes,1545,21.1,,,BHEDGER,NA,No,No,,completed,,,,PICSQ99,,,,,,,,,,,,,,4,,,,,,,,,,,,,,,,,
SE2602,5/3/2026,Leg 1,J_C,Fish,,JAR,20,JAR-2084,belt,,Forereef,Deep,3x15m,-0.37681,-160.015,"21,22",20.1168,"23,24",21.6408,"79,80",20.7264,,NA,NA,NA,,N:\StRS_Sites\2026\SE2602_Line_PRIAs\JAR\JAR-2084,Yes,1701,19.1,,,J_C,NA,No,No,,completed,,,,PICBELUGA,,,,,,,,,,,,,,4,,,,,,,,,,,,,,,,,
SE2602,7/23/2026,Leg 3,SJD,Fish,,HOW,28,HOW-1124,belt,,Forereef,Deep,3x15m,0.821337,-176.617,"3,4",20.1168,"51,52",20.7264,"83,84",19.812,"91,92",NA,NA,NA,,N:\StRS_Sites\2026\SE2602_PRIA_SAMOA_SAMOA\HOW\HOW-1124,Yes,1303,16,,,SJD,NA,No,No,,NA,,,,NA,,,,,,,,,,,,,,4,,,,,,,,,,,,,,,,,
SE2602,7/22/2026,Leg 3,LHL,Fish,,HOW,12,HOW-1141,belt,,Forereef,Deep,3x15m,0.795492,-176.611,"10,11",22.5552,"27,28",22.86,"40,41",23.4696,,NA,NA,NA,,N:\StRS_Sites\2026\SE2602_PRIA_SAMOA_SAMOA\HOW\HOW-1141,Yes,1607,18.4,,"went back to cover a few potential gaps when pushed by current, tried to take selfie twice but looks like shutter didnt go - no selfie",LHL,NA,No,No,,NA,,,,NA,,,,,,,,,,,,,,4,,,,,,,,,,,,,,,,,
SE2602,7/21/2026,Leg 3,JWS,Fish,,HOW,12,HOW-1149,belt,,Forereef,Deep,3x15m,0.794632,-176.611,"21,22",23.4696,"23,24",24.384,"79,80",23.4696,,NA,NA,NA,,N:\StRS_Sites\2026\SE2602_PRIA_SAMOA_SAMOA\HOW\HOW-1149,Yes,1835,22.2,,,JWS,NA,No,No,,NA,,,,NA,,,,,,,,,,,,,,4,,,,,,,,,,,,,,,,,
SE2602,6/6/2026,Leg 2,VAB,Fish,,OFU,8,OFU-1388,belt,,Forereef,Deep,3x15m,-14.1777,-169.681,"21,22",21.336,"23,24",21.9456,"79,80",22.5552,,NA,NA,NA,,N:\StRS_Sites\2026\SE2602_PRIA_SAMOA_SAMOA\OFU\OFU-1388,Yes,1172,15.4,Had to abort most of the way through the last 1.5m pass due to low air.,Had to abort most of the way through the last 1.5m pass due to low air.,VAB,NA,No,No,,NA,,,,NA,,,,,,,,,,,,,,4,,,,,,,,,,,,,,,,,
SE2602,5/3/2026,Leg 1,A_S,Fish,,JAR,5,JAR-2087,belt,,Forereef,Deep,3x15m,-0.38175,-160.008,"17,18",22.2504,"37,38",20.1168,"57,58",0,,NA,NA,NA,,N:\StRS_Sites\2026\SE2602_Line_PRIAs\JAR\JAR-2087,Yes,1480,18.1,,,BHEDGER,NA,No,No,,completed,,,,PICBELUGA,,,,,,,,,,,,,,4,,,,,,,,,,,,,,,,,
SE2602,5/6/2026,Leg 1,RML,Fish,,JAR,5,JAR-2088,belt,,Forereef,Deep,3x15m,-0.36915,-159.977,"21,22",20.7264,"23,24",21.6408,"79,80",21.336,"96,97",NA,NA,NA,,N:\StRS_Sites\2026\SE2602_Line_PRIAs\JAR\JAR-2088,Yes,1501,14.4,,,RML,NA,No,No,,completed,,,,PICSQ99,,,,,,,,,,,,,,4,,,,,,,,,,,,,,,,,
SE2602,7/20/2026,Leg 3,A_S,Fish,,HOW,28,HOW-1113,belt,,Forereef,Deep,3x15m,0.802333,-176.61,"21,22",22.2504,"23,24",23.1648,"79,80",21.6408,,NA,NA,NA,,N:\StRS_Sites\2026\SE2602_PRIA_SAMOA_SAMOA\HOW\HOW-1113,Yes,2272,22.5,,,A_S,NA,No,No,,NA,,,,NA,,,,,,,,,,,,,,4,,,,,,,,,,,,,,,,,
SE2602,7/19/2026,Leg 3,M_C,Fish,,HOW,5,HOW-1175,belt,,Forereef,Deep,3x15m,0.823469,-176.62,"21,22",21.0312,"23,24",21.0312,"79,80",21.336,,NA,NA,NA,,N:\StRS_Sites\2026\SE2602_PRIA_SAMOA_SAMOA\HOW\HOW-1175,Yes,1113,11.9,,,,NA,No,No,,NA,,,,NA,,,,,,,,,,,,,,4,,,,,,,,,,,,,,,,,
SE2602,5/5/2026,Leg 1,J_C,Fish,,JAR,22,JAR-2093,belt,,Forereef,Deep,3x15m,-0.36571,-159.982,"21,22",20.4216,"23,24",23.1648,"79,80",20.7264,,NA,NA,NA,,N:\StRS_Sites\2026\SE2602_Line_PRIAs\JAR\JAR-2093,Yes,1670,20.5,,,J_C,NA,No,No,,completed,,,,PICBELUGA,,,,,,,,,,,,,,4,,,,,,,,,,,,,,,,,
SE2602,5/2/2026,Leg 1,A_S,Fish,,JAR,22,JAR-2188,belt,,Forereef,Deep,3x15m,-0.36632,-160.007,"21,22",21.336,"23,24",22.86,"79,80",22.86,,NA,NA,NA,,N:\StRS_Sites\2026\SE2602_Line_PRIAs\JAR\JAR-2188,Yes,1923,24.9,,,A_S,NA,No,No,,completed,,,,PICBELUGA,,,,,,,,,,,,,,4,,,,,,,,,,,,,,,,,
SE2602,7/16/2026,Leg 3,CA,Fish,,BAK,23,BAK-2103,belt,,Forereef,Mid,3x20m,0.197648,-176.461,"21,22",14.0208,"23,24",14.0208,"79,80",14.0208,"96,97",14.0208,NA,NA,,N:\StRS_Sites\2026\SE2602_PRIA_SAMOA_SAMOA\BAK\BAK-2103,Yes,2089,25.8,,,CA,NA,No,No,,NA,,,,NA,,,,,,,,,,,,,,4,,,,,,,,,,,,,,,,,
SE2602,7/16/2026,Leg 3,J_M,Fish,,BAK,21,BAK-2104,belt,,Forereef,Mid,3x20m,0.192948,-176.463,"10,11",7.62,"27,28",7.62,"40,41",7.62,"89,90",7.62,NA,NA,,N:\StRS_Sites\2026\SE2602_PRIA_SAMOA_SAMOA\BAK\BAK-2104,Yes,1449,17.3,super surgey,,J_M,NA,No,No,,NA,,,,NA,,,,,,,,,,,,,,4,,,,,,,,,,,,,,,,,
SE2602,7/17/2026,Leg 3,SJD,Fish,,BAK,8,BAK-2109,belt,,Forereef,Mid,3x20m,0.205238,-176.48,"3,4",15.8496,"51,52",15.24,"83,84",15.24,"91,92",15.5448,NA,NA,,N:\StRS_Sites\2026\SE2602_PRIA_SAMOA_SAMOA\BAK\BAK-2109,Yes,1428,14.4,,,SJD,NA,No,No,,NA,,,,NA,,,,,,,,,,,,,,4,,,,,,,,,,,,,,,,,
SE2602,7/16/2026,Leg 3,LHL,Fish,,BAK,19,BAK-2111,belt,,Forereef,Mid,3x20m,0.195704,-176.459,"3,4",15.24,"51,52",14.6304,"83,84",15.24,"91,92",14.9352,NA,NA,,N:\StRS_Sites\2026\SE2602_PRIA_SAMOA_SAMOA\BAK\BAK-2111,Yes,1583,17.9,,slate image has incorrect D dagger nmbers 92 93 AND camera could not WB so images are a little blue. was WB on 20ft site before,LHL,NA,Yes,No,,NA,,,,NA,,,,,,,,,,,,,,4,,,,,,,,,,,,,,,,,
SE2602,7/19/2026,Leg 3,JWS,Fish,,HOW,5,HOW-1127,belt,,Forereef,Mid,3x20m,0.821013,-176.618,"21,22",12.192,"23,24",11.8872,"79,80",11.5824,"96,97",11.5824,NA,NA,,N:\StRS_Sites\2026\SE2602_PRIA_SAMOA_SAMOA\HOW\HOW-1127,Yes,1648,17.9,,,JWS,NA,No,No,,NA,,,,NA,,,,,,,,,,,,,,4,,,,,,,,,,,,,,,,,
SE2602,7/20/2026,Leg 3,SJD,Fish,,HOW,28,HOW-1131,belt,,Forereef,Mid,3x20m,0.810576,-176.611,"21,22",7.0104,"23,24",7.0104,"79,80",7.9248,"96,97",7.62,NA,NA,,N:\StRS_Sites\2026\SE2602_PRIA_SAMOA_SAMOA\HOW\HOW-1131,Yes,2023,22.5,,,SJD,NA,No,No,,NA,,,,NA,,,,,,,,,,,,,,4,,,,,,,,,,,,,,,,,
SE2602,7/21/2026,Leg 3,RCB,Fish,,HOW,19,HOW-1133,belt,,Forereef,Mid,3x20m,0.806599,-176.61,"21,22",14.0208,"23,24",14.3256,"79,80",14.3256,"96,97",15.24,NA,NA,,N:\StRS_Sites\2026\SE2602_PRIA_SAMOA_SAMOA\HOW\HOW-1133,Yes,1603,18.5,,,RCB,NA,No,No,,NA,,,,NA,,,,,,,,,,,,,,4,,,,,,,,,,,,,,,,,
SE2602,7/19/2026,Leg 3,LHL,Fish,,HOW,19,HOW-1134,belt,,Forereef,Mid,3x20m,0.8225,-176.623,"3,4",10.3632,"51,52",9.7536,"83,84",10.3632,"91,92",9.7536,NA,NA,,N:\StRS_Sites\2026\SE2602_PRIA_SAMOA_SAMOA\HOW\HOW-1134,Yes,16.6,1531,surge n current,some diver shadow,LHL,NA,No,No,,NA,,,,NA,,,,,,,,,,,,,,4,,,,,,,,,,,,,,,,,
SE2602,7/21/2026,Leg 3,CA,Fish,,HOW,8,HOW-1137,belt,,Forereef,Mid,3x20m,0.822022,-176.621,"3,4",12.192,"51,52",11.8872,"83,84",11.2776,"91,92",12.4968,NA,NA,,N:\StRS_Sites\2026\SE2602_PRIA_SAMOA_SAMOA\HOW\HOW-1137,Yes,1647,16.3,,,CA,NA,No,No,,NA,,,,NA,,,,,,,,,,,,,,4,,,,,,,,,,,,,,,,,
SE2602,7/20/2026,Leg 3,M_C,Fish,,HOW,21,HOW-1138,belt,,Forereef,Mid,3x20m,0.813412,-176.612,"3,4",11.5824,"51,52",11.8872,"83,84",11.8872,"91,92",12.4968,NA,NA,,N:\StRS_Sites\2026\SE2602_PRIA_SAMOA_SAMOA\HOW\HOW-1138,Yes,1634,18.7,,,,NA,No,No,,NA,,,,NA,,,,,,,,,,,,,,4,,,,,,,,,,,,,,,,,
SE2602,7/22/2026,Leg 3,SJD,Fish,,HOW,19,HOW-1139,belt,,Forereef,Mid,3x20m,0.793785,-176.612,"21,22",13.716,"23,24",12.4968,"79,80",12.4968,"96,97",11.5824,NA,NA,,N:\StRS_Sites\2026\SE2602_PRIA_SAMOA_SAMOA\HOW\HOW-1139,Yes,1870,21.2,,,SJD,NA,No,No,,NA,,,,NA,,,,,,,,,,,,,,4,,,,,,,,,,,,,,,,,
SE2602,4/21/2026,Leg 1,J_C,Fish,,PAL,28,PAL-5258,belt,,Forereef,Deep,3x15m,5.899161,-162.072,"21,22",20.4216,"23,24",21.0312,"79,80",20.4216,,NA,NA,NA,,N:\StRS_Sites\2026\SE2602_Line_PRIAs\PAL\PAL-5258,Yes,1695,22.8,,,J_C,NA,No,No,,completed,,,,PICBELUGA,,,,,,,,,,,,,,4,,,,,,,,,,,,,,,,,
SE2602,5/4/2026,Leg 1,MNW,Fish,,JAR,5,JAR-2092,belt,,Forereef,Deep,3x15m,-0.38226,-159.987,"21,22",24.6888,"23,24",24.9936,"79,80",24.6888,,NA,NA,NA,,N:\StRS_Sites\2026\SE2602_Line_PRIAs\JAR\JAR-2092,Yes,1001,11.6,,"might have missed scale bar ""A"" and could be holey...was in a rush",MNW,NA,No,No,,completed,,,,PICBELUGA,,,,,,,,,,,,,,4,,,,,,,,,,,,,,,,,
SE2602,4/29/2026,Leg 1,A_S,Fish,,KIN,25,KIN-5160,belt,,Forereef,Deep,3x15m,6.382807,-162.338,"10,11",20.4216,"27,28",21.0312,"40,41",20.4216,,NA,NA,NA,,N:\StRS_Sites\2026\SE2602_Line_PRIAs\KIN\KIN-5160,Yes,2215,23.9,,,A_S,NA,No,No,,completed,,,,PICBLUEFIN,,,,,,,,,,,,,,4,,,,,,,,,,,,,,,,,
SE2602,5/6/2026,Leg 1,MNW,Fish,,JAR,5,JAR-2098,belt,,Forereef,Mid,3x20m,-0.37253,-159.975,"21,22",10.3632,"23,24",10.3632,"79,80",10.3632,"96,97",10.9728,NA,NA,,N:\StRS_Sites\2026\SE2602_Line_PRIAs\JAR\JAR-2098,Yes,1321,16.8,,Tried to swim higher and slower cuz cam was slow,MNW,NA,No,No,,completed,,,,PICSQ99,,,,,,,,,,,,,,4,,,,,,,,,,,,,,,,,
SE2602,5/2/2026,Leg 1,J_C,Fish,,JAR,21,JAR-2104,belt,,Forereef,Mid,3x20m,-0.36196,-160,"17,18",9.4488,"37,38",9.4488,"57,58",8.8392,"67,68",9.4488,NA,NA,,N:\StRS_Sites\2026\SE2602_Line_PRIAs\JAR\JAR-2104,Yes,2082,27.3,,,J_C,NA,No,No,,completed,,,,PICBELUGA,,,,,,,,,,,,,,4,,,,,,,,,,,,,,,,,
SE2602,5/5/2026,Leg 1,RML,Fish,,JAR,18,JAR-2105,belt,,Forereef,Mid,3x20m,-0.36294,-159.993,"17,18",10.0584,"37,38",9.7536,"57,58",9.7536,"67,68",8.8392,NA,NA,,N:\StRS_Sites\2026\SE2602_Line_PRIAs\JAR\JAR-2105,Yes,2013,26.3,,,RML,NA,No,No,,completed,,,,PICBELUGA,,,,,,,,,,,,,,4,,,,,,,,,,,,,,,,,
SE2602,5/4/2026,Leg 1,M_C,Fish,,JAR,5,JAR-2109,belt,,Forereef,Mid,3x20m,-0.37926,-159.973,"21,22",9.4488,"23,24",10.0584,"79,80",10.3632,"96,97",10.668,NA,NA,,N:\StRS_Sites\2026\SE2602_Line_PRIAs\JAR\JAR-2109,Yes,986,16.8,,,BHEDGER,NA,No,No,,completed,,,,PICBELUGA,,,,,,,,,,,,,,4,,,,,,,,,,,,,,,,,
SE2602,5/4/2026,Leg 1,MSL,Fish,,JAR,21,JAR-2113,belt,,Forereef,Mid,3x20m,-0.38185,-159.978,"17,18",10.668,"37,38",10.9728,"57,58",10.9728,"67,68",11.5824,NA,NA,,N:\StRS_Sites\2026\SE2602_Line_PRIAs\JAR\JAR-2113,Yes,2057,24.3,,"a bit red, may not need color correction",BHEDGER,NA,Yes,No,,completed,,,,PICBELUGA,,,,,,,,,,,,,,4,,,,,,,,,,,,,,,,,
SE2602,7/20/2026,Leg 3,LHL,Fish,,HOW,28,HOW-1146,belt,,Forereef,Mid,3x20m,0.797017,-176.611,"21,22",17.0688,"23,24",17.3736,"79,80",16.764,"96,97",17.0688,NA,NA,,N:\StRS_Sites\2026\SE2602_PRIA_SAMOA_SAMOA\HOW\HOW-1146,Yes,1797,17.2,,busy signal while taking imagery so re-did short sections current may have pushed me through,LHL,NA,No,No,,NA,,,,NA,,,,,,,,,,,,,,4,,,,,,,,,,,,,,,,,
SE2602,7/20/2026,Leg 3,RCB,Fish,,HOW,21,HOW-1148,belt,,Forereef,Mid,3x20m,0.817547,-176.614,"3,4",11.5824,"51,52",12.8016,"83,84",11.5824,"91,92",12.192,NA,NA,,N:\StRS_Sites\2026\SE2602_PRIA_SAMOA_SAMOA\HOW\HOW-1148,Yes,1711,18,,,RCB,NA,No,No,,NA,,,,NA,,,,,,,,,,,,,,4,,,,,,,,,,,,,,,,,
SE2602,5/4/2026,Leg 1,MNW,Fish,,JAR,16,JAR-2114,belt,,Forereef,Mid,3x20m,-0.37801,-159.974,"21,22",11.5824,"23,24",11.2776,"79,80",11.2776,"96,97",11.2776,NA,NA,,N:\StRS_Sites\2026\SE2602_Line_PRIAs\JAR\JAR-2114,Yes,1641,22.8,,,MNW,NA,No,No,,completed,,,,PICBLUEFIN,,,,,,,,,,,,,,4,,,,,,,,,,,,,,,,,
SE2602,5/3/2026,Leg 1,MNW,Fish,,JAR,20,JAR-2121,belt,,Forereef,Mid,3x20m,-0.38197,-160.005,"21,22",17.9832,"23,24",18.8976,"79,80",18.8976,"96,97",17.0688,NA,NA,,N:\StRS_Sites\2026\SE2602_Line_PRIAs\JAR\JAR-2121,Yes,1512,18.2,some surge current pushed through sfm fast,,LHL,NA,No,No,,completed,,,,PICSQ99,,,,,,,,,,,,,,4,,,,,,,,,,,,,,,,,
SE2602,5/6/2026,Leg 1,LHL,Fish,,JAR,28,JAR-2129,belt,,Forereef,Mid,3x20m,-0.37849,-159.979,"17,18",7.62,"37,38",7.62,"57,58",7.62,"67,68",7.3152,NA,NA,,N:\StRS_Sites\2026\SE2602_Line_PRIAs\JAR\JAR-2129,Yes,1445,15.4,,,LHL,NA,No,No,,completed,,,,PICBELUGA,,,,,,,,,,,,,,4,,,,,,,,,,,,,,,,,
SE2602,5/4/2026,Leg 1,J_C,Fish,,JAR,5,JAR-2133,belt,,Forereef,Mid,3x20m,-0.37963,-159.977,"21,22",8.8392,"23,24",9.144,"79,80",8.2296,"96,97",9.144,NA,NA,,N:\StRS_Sites\2026\SE2602_Line_PRIAs\JAR\JAR-2133,Yes,1513,16.8,,,J_C,NA,No,No,,completed,,,,PICBELUGA,,,,,,,,,,,,,,4,,,,,,,,,,,,,,,,,
SE2602,5/5/2026,Leg 1,A_S,Fish,,JAR,23,JAR-2139,belt,,Forereef,Mid,3x20m,-0.37519,-159.973,"10,11",8.2296,"27,28",8.2296,"40,41",8.2296,"89,90",8.5344,NA,NA,,N:\StRS_Sites\2026\SE2602_Line_PRIAs\JAR\JAR-2139,Yes,1881,25.6,,,A_S,NA,No,No,,completed,,,,PICBELUGA,,,,,,,,,,,,,,4,,,,,,,,,,,,,,,,,
SE2602,5/5/2026,Leg 1,CEA,Fish,,JAR,23,JAR-2141,belt,,Forereef,Mid,3x20m,-0.37695,-159.975,"10,11",9.7536,"27,28",9.7536,"40,41",10.0584,"89,90",10.0584,NA,NA,,N:\StRS_Sites\2026\SE2602_Line_PRIAs\JAR\JAR-2141,Yes,1720,21.1,,,ZTT,NA,No,No,,completed,,,,PICBELUGA,,,,,,,,,,,,,,4,,,,,,,,,,,,,,,,,
SE2602,4/28/2026,Leg 1,MSL,Fish,,KIN,28,KIN-5231,belt,,Forereef,Mid,3x20m,6.381485,-162.452,"17,18",13.4112,"37,38",14.0208,"57,58",14.3256,"67,68",14.3256,NA,NA,,N:\StRS_Sites\2026\SE2602_Line_PRIAs\KIN\KIN-5231,Yes,2065,22.8,,,MNW,NA,No,No,,completed,,,,PICSQ99,,,,,,,,,,,,,,4,,,,,,,,,,,,,,,,,
SE2602,4/26/2026,Leg 1,DTP,Fish,,KIN,22,KIN-5186,belt,,Forereef,Mid,3x20m,6.380397,-162.371,"17,18",7.9248,"37,38",8.5344,"57,58",8.2296,"67,68",8.8392,NA,NA,,N:\StRS_Sites\2026\SE2602_Line_PRIAs\KIN\KIN-5186,Yes,1742,20.3,,,DTP,NA,No,No,,completed,,,,PICBELUGA,,,,,,,,,,,,,,4,,,,,,,,,,,,,,,,,
SE2602,7/17/2026,Leg 3,A_S,Fish,,BAK,8,BAK-2141,belt,,Forereef,Shallow,3x20m,0.200855,-176.468,"3,4",5.7912,"51,52",5.4864,"83,84",5.1816,"91,92",5.4864,NA,NA,,N:\StRS_Sites\2026\SE2602_PRIA_SAMOA_SAMOA\BAK\BAK-2141,Yes,1758,20.4,Strong surge. Daggers A and B both blew over. A was fixed on first pass (we think before photographed) but B didnt blow over until later when it had already been photographed.,"Strong surge, daggers A and B both blew over, dagger A may have been replaced before it was photographed but dagger B was left upside down after it blew over.",CA,NA,No,No,,NA,,,,NA,,,,,,,,,,,,,,4,,,,,,,,,,,,,,,,,
SE2602,7/17/2026,Leg 3,RCB,Fish,,BAK,20,BAK-2147,belt,,Forereef,Shallow,3x20m,0.202972,-176.478,"21,22",4.2672,"23,24",3.9624,"79,80",3.048,"96,97",3.6576,NA,NA,,N:\StRS_Sites\2026\SE2602_PRIA_SAMOA_SAMOA\BAK\BAK-2147,Yes,NA,NA,,"Did 8 passes instead of 6, repeated 1.5 meter passes.",RCB,NA,No,No,,NA,,,,NA,,,,,,,,,,,,,,4,,,,,,,,,,,,,,,,,
SE2602,7/15/2026,Leg 3,M_C,Fish,,BAK,12,BAK-2151,belt,,Forereef,Shallow,3x20m,0.192849,-176.469,"21,22",3.3528,"23,24",3.3528,"79,80",2.7432,"96,97",3.048,NA,NA,,N:\StRS_Sites\2026\SE2602_PRIA_SAMOA_SAMOA\BAK\BAK-2151,Yes,1670,18.4,,,,NA,No,No,,NA,,,,NA,,,,,,,,,,,,,,4,,,,,,,,,,,,,,,,,
SE2602,7/16/2026,Leg 3,RCB,Fish,,BAK,19,BAK-2152,belt,,Forereef,Shallow,3x20m,0.199976,-176.466,"3,4",4.8768,"51,52",5.1816,"83,84",5.4864,"91,92",5.1816,NA,NA,,N:\StRS_Sites\2026\SE2602_PRIA_SAMOA_SAMOA\BAK\BAK-2152,Yes,1324,15.5,,,LHL,NA,No,No,,NA,,,,NA,,,,,,,,,,,,,,4,,,,,,,,,,,,,,,,,
SE2602,7/21/2026,Leg 3,CA,Fish,,HOW,8,HOW-1166,belt,,Forereef,Shallow,3x20m,0.815732,-176.614,"3,4",3.3528,"51,52",3.048,"83,84",3.048,"91,92",4.572,NA,NA,,N:\StRS_Sites\2026\SE2602_PRIA_SAMOA_SAMOA\HOW\HOW-1166,Yes,1934,17.5,,very surgey,CA,NA,No,No,,NA,,,,NA,,,,,,,,,,,,,,4,,,,,,,,,,,,,,,,,
SE2602,7/22/2026,Leg 3,A_S,Fish,,HOW,28,HOW-1171,belt,,Forereef,Shallow,3x20m,0.81066,-176.612,"3,4",3.9624,"51,52",3.3528,"83,84",3.6576,"91,92",3.3528,NA,NA,,N:\StRS_Sites\2026\SE2602_PRIA_SAMOA_SAMOA\HOW\HOW-1171,Yes,2298,26,"surge, low viz. Have fun!",,CA,NA,No,No,,NA,,,,NA,,,,,,,,,,,,,,4,,,,,,,,,,,,,,,,,
SE2602,4/26/2026,Leg 1,LHL,Fish,,KIN,22,KIN-5190,belt,,Forereef,Mid,3x20m,6.382557,-162.39,"17,18",9.7536,"37,38",9.4488,"57,58",9.7536,"67,68",10.0584,NA,NA,,N:\StRS_Sites\2026\SE2602_Line_PRIAs\KIN\KIN-5190,Yes,2056,23.2,,some dark photos / diver shadow,LHL,NA,No,No,,completed,,,,PICBELUGA,,,,,,,,,,,,,,4,,,,,,,,,,,,,,,,,
SE2602,6/6/2026,Leg 2,JV,Fish,,OFU,20,OFU-1430,belt,,Forereef,Shallow,3x20m,-14.1604,-169.67,"17,18",4.2672,"37,38",3.6576,"57,58",3.3528,"67,68",3.9624,NA,NA,,N:\StRS_Sites\2026\SE2602_PRIA_SAMOA_SAMOA\OFU\OFU-1430,Yes,2555,28.8,"photo of slate has incorrect site ID. wrote TUT-1430, should be OFU-1430.","- photo of slate has incorrect site ID. wrote TUT-1430, should be OFU-1430
 
  - very spur and groovy, so maybe exposure correction",JV,NA,No,Yes,,NA,,,,NA,,,,,,,,,,,,,,4,,,,,,,,,,,,,,,,,
SE2602,6/8/2026,Leg 2,CA,Fish,,OFU,12,OFU-1434,belt,,Forereef,Shallow,3x20m,-14.1726,-169.642,"17,18",3.6576,"37,38",4.2672,"57,58",4.572,"77,78",3.048,NA,NA,,N:\StRS_Sites\2026\SE2602_PRIA_SAMOA_SAMOA\OFU\OFU-1434,Yes,2018,24.4,,,CA,NA,No,No,,NA,,,,NA,,,,,,,,,,,,,,4,,,,,,,,,,,,,,,,,
SE2602,4/28/2026,Leg 1,DTP,Fish,,KIN,20,KIN-5197,belt,,Lagoon,Mid,3x20m,6.394557,-162.452,"21,22",17.9832,"23,24",17.6784,"79,80",17.0688,"96,97",17.3736,NA,NA,,N:\StRS_Sites\2026\SE2602_Line_PRIAs\KIN\KIN-5197,Yes,1611,15,,,DTP,NA,No,No,,completed,,,,PICBELUGA,,,,,,,,,,,,,,4,,,,,,,,,,,,,,,,,
SE2602,6/6/2026,Leg 2,CA,Fish,,OFU,20,OFU-1451,belt,,Forereef,Shallow,3x20m,-14.1645,-169.685,"17,18",3.6576,"37,38",4.2672,"57,58",3.6576,"67,68",4.2672,NA,NA,,N:\StRS_Sites\2026\SE2602_PRIA_SAMOA_SAMOA\OFU\OFU-1451,Yes,2330,24.9,,"big bommies, hard to image",J_C,NA,No,No,,NA,,,,NA,,,,,,,,,,,,,,4,,,,,,,,,,,,,,,,,
SE2602,4/26/2026,Leg 1,LHL,Fish,,KIN,22,KIN-5228,belt,,Forereef,Shallow,3x20m,6.382613,-162.342,"17,18",5.7912,"37,38",5.7912,"57,58",6.096,"67,68",5.7912,NA,NA,,N:\StRS_Sites\2026\SE2602_Line_PRIAs\KIN\KIN-5228,Yes,2010,23.2,camera may have been over angled for some sections,,LHL,NA,No,No,,completed,,,,PICBLUEFIN,,,,,,,,,,,,,,4,,,,,,,,,,,,,,,,,
SE2602,7/15/2026,Leg 3,ZTT,Oceanography,OCC-BAK-008,BAK,20,BAK-02,box,,,,10x10m,0.1883,-176.48,"10,11",12.192,"27,28",10.9728,"40,41",9.7536,"89,90",8.8392,,,C,N:\Fixed_Sites\SAMOA\BAK\OCC-BAK-008\2026\20260715_OCC-BAK-008_SE2602_PRIA_SAMOA,Yes,4076,45.9,Lots of current,"Only did passes one way in the upper half of the box, not both ways.",J_M,,No,No,,,,,,,,,,,,,,,,,,,,,,,,,,,,,,,,,,,,,
SE2602,7/17/2026,Leg 3,MSL,Oceanography,OCC-BAK-003,BAK,28,BAK-14,spiral,,,,12m,0.20532,-176.474,"10,11",15.8496,"27,28",16.1544,"40,41",15.8496,"89,90",15.8496,2,15.24,C,N:\Fixed_Sites\SAMOA\BAK\OCC-BAK-003\2026\20260717_OCC-BAK-003_SE2602_PRIA_SAMOA,Yes,4101,47.9,,,MSL,,No,No,,,,,,,,,,,,,,,,,,,,,,,,,,,,,,,,,,,,,
SE2602,7/19/2026,Leg 3,MSL,Oceanography,OCC-HOW-005,HOW,23,HOW-11,box,,,,10x10m,0.7989,-176.621,"10,11",16.4592,"27,28",15.24,"40,41",12.192,"89,90",12.4968,2,13.716,C,N:\Fixed_Sites\SAMOA\HOW\OCC-HOW-005\2026\20260719_OCC-HOW-005_SE2602_PRIA_SAMOA,Yes,3924,46.8,,,J_M,,No,No,,,,,,,,,,,,,,,,,,,,,,,,,,,,,,,,,,,,,
SE2602,7/20/2026,Leg 3,CA,Oceanography,OCC-HOW-001,HOW,19,HOW-13,box,,,,10x10m,0.81991,-176.616,"10,11",12.8016,"27,28",13.716,"40,41",12.192,"89,90",12.8016,2,11.8872,C,N:\Fixed_Sites\SAMOA\HOW\OCC-HOW-001\2026\20260720_OCC-HOW-001_SE2602_PRIA_SAMOA,Yes,6242,76.1,"CAU box was made too wide. CAU 2 supposed to be at 5m but is actually at 10m
 Swam crosshatched box",,MSL,,No,No,,,,,,,,,,,,,,,,,,,,,,,,,,,,,,,,,,,,,
SE2602,7/21/2026,Leg 3,J_M,Oceanography,OCC-HOW-009,HOW,5,HOW-14,box,,,,10x10m,0.81492,-176.624,"10,11",14.0208,"27,28",10.3632,"40,41",10.3632,"89,90",14.3256,2,10.668,C,N:\Fixed_Sites\SAMOA\HOW\OCC-HOW-009\2026\20260721_OCC-HOW-009_SE2602_PRIA_SAMOA,Yes,4501,45.7,,,J_M,,No,No,,,,,,,,,,,,,,,,,,,,,,,,,,,,,,,,,,,,,
SE2602,5/3/2026,Leg 1,CEA,Oceanography,OCC-JAR-011,JAR,28,JAR-07,box,,,,10x10m,-0.3764,-160.014,"10,11",16.4592,"27,28",16.764,"40,41",14.9352,"89,90",14.9352,,,C,N:\Fixed_Sites\PRIAs\JAR\OCC-JAR-011\2026\20260503_OCC-JAR-011_SE2602_Line,Yes,6675,80.3,,no reference cap was used. box method,ZTT,,No,No,,,,,,,,,,,,,,,,,,,,,,,,,,,,,,,,,,,,,
SE2602,5/4/2026,Leg 1,CLL,Oceanography,OCC-JAR-001,JAR,25,JAR-08,box,,,,10x10m,-0.36307,-159.991,"10,11",15.24,"27,28",15.24,"40,41",14.0208,"89,90",14.3256,,,C,N:\Fixed_Sites\PRIAs\JAR\OCC-JAR-001\2026\20260504_OCC-JAR-001_SE2602_Line,Yes,4096,51.2,,no reference cap used. dagger D and C were along shore. so box looked like this shorelineD C B A,ZTT,,No,No,,,,,,,,,,,,,,,,,,,,,,,,,,,,,,,,,,,,,
SE2602,5/4/2026,Leg 1,CLL,Oceanography,OCC-JAR-001,JAR,25,JAR-08,box,,,,10x10m,-0.36324,-159.991,"10,11",15.24,"27,28",15.24,"40,41",14.0208,"89,90",14.3256,,,C,N:\Fixed_Sites\PRIAs\JAR\OCC-JAR-001\2026\20260504_OCC-JAR-001_SE2602_Line,Yes,4096,51.2,,no reference cap used. dagger D and C were along shore. so box looked like this shorelineD C B A,ZTT,,No,No,,,,,,,,,,,,,,,,,,,,,,,,,,,,,,,,,,,,,
SE2602,5/2/2026,Leg 1,HCB,Oceanography,OCC-JAR-013,JAR,18,JAR-11,spiral,,,,10x10m,-0.36897,-160.008,"10,11",16.764,"27,28",17.6784,"40,41",12.4968,"89,90",13.4112,2,14.3256,C,N:\Fixed_Sites\PRIAs\JAR\OCC-JAR-013\2026\20260502_OCC-JAR-013_SE2602_Line,Yes,7410,91.7,,,ZTT,,No,No,,,,,,,,,,,,,,,,,,,,,,,,,,,,,,,,,,,,,
SE2602,5/2/2026,Leg 1,HCB,Oceanography,OCC-JAR-013,JAR,18,JAR-11,spiral,,,,10x10m,-0.36896,-160.008,"10,11",16.764,"27,28",17.6784,"40,41",12.4968,"89,90",13.4112,2,14.3256,C,N:\Fixed_Sites\PRIAs\JAR\OCC-JAR-013\2026\20260502_OCC-JAR-013_SE2602_Line,Yes,7410,91.7,,,ZTT,,No,No,,,,,,,,,,,,,,,,,,,,,,,,,,,,,,,,,,,,,
SE2602,5/2/2026,Leg 1,HCB,Oceanography,OCC-JAR-013,JAR,18,JAR-11,spiral,,,,10x10m,-0.36906,-160.008,"10,11",16.764,"27,28",17.6784,"40,41",12.4968,"89,90",13.4112,2,14.3256,C,N:\Fixed_Sites\PRIAs\JAR\OCC-JAR-013\2026\20260502_OCC-JAR-013_SE2602_Line,Yes,7410,91.7,,,ZTT,,No,No,,,,,,,,,,,,,,,,,,,,,,,,,,,,,,,,,,,,,
SE2602,5/2/2026,Leg 1,HCB,Oceanography,OCC-JAR-013,JAR,18,JAR-11,spiral,,,,10x10m,-0.36893,-160.008,"10,11",16.764,"27,28",17.6784,"40,41",12.4968,"89,90",13.4112,2,14.3256,C,N:\Fixed_Sites\PRIAs\JAR\OCC-JAR-013\2026\20260502_OCC-JAR-013_SE2602_Line,Yes,7410,91.7,,,ZTT,,No,No,,,,,,,,,,,,,,,,,,,,,,,,,,,,,,,,,,,,,
SE2602,4/27/2026,Leg 1,ZTT,Oceanography,OCC-KIN-002,KIN,13,KIN-04,spiral,,,,12m,6.43883,-162.388,"10,11",14.6304,"27,28",14.6304,"40,41",15.24,"89,90",13.716,2,14.3256,C,N:\Fixed_Sites\PRIAs\KIN\OCC-KIN-002\2026\20260427_OCC-KIN-002_SE2602_Line,Yes,4846,52.3,,Error 20 and Error 10. zach forgot bearings,ZTT,,No,No,,,,,,,,,,,,,,,,,,,,,,,,,,,,,,,,,,,,,
SE2602,4/28/2026,Leg 1,HCB,Oceanography,OCC-KIN-005,KIN,16,KIN-16,spiral,,,,12m,6.39252,-162.342,"10,11",6.4008,"27,28",5.7912,"40,41",6.4008,"89,90",5.7912,2,6.096,C,N:\Fixed_Sites\PRIAs\KIN\OCC-KIN-005\2026\20260428_OCC-KIN-005_SE2602_Line,Yes,7346,86.4,,,ZTT,,No,No,,,,,,,,,,,,,,,,,,,,,,,,,,,,,,,,,,,,,
SE2602,4/28/2026,Leg 1,HCB,Oceanography,OCC-KIN-005,KIN,16,KIN-16,spiral,,,,12m,6.39242,-162.342,"10,11",6.4008,"27,28",5.7912,"40,41",6.4008,"89,90",5.7912,2,6.096,C,N:\Fixed_Sites\PRIAs\KIN\OCC-KIN-005\2026\20260428_OCC-KIN-005_SE2602_Line,Yes,7346,86.4,,,ZTT,,No,No,,,,,,,,,,,,,,,,,,,,,,,,,,,,,,,,,,,,,
SE2602,6/6/2026,Leg 2,JNS,Oceanography,OCC-OFU-014,OFU,25,OFU-06,spiral,,,,12m,-14.1742,-169.682,"10,11",14.0208,"27,28",13.716,"40,41",11.8872,"89,90",12.4968,2,13.4112,C,N:\Fixed_Sites\SAMOA\OFU\OCC-OFU-014\2026\20260606_OCC-OFU-014_SE2602_PRIA_SAMOA,Yes,7412,75.5,"Should do a box, not a spiral. On a slope (32-50ft) and very rugose - lots of ups and downs on a spiral",Very rugose and on a steep slope. Hard to get ~1 m above seafloor in some places because half of photo is ~1 m above seafloor while other half of image might be less or more due to the steep slope and also high rugosity.,BHEDGER,,No,No,,,,,,,,,,,,,,,,,,,,,,,,,,,,,,,,,,,,,
SE2602,6/6/2026,Leg 2,JNS,Oceanography,OCC-OFU-014,OFU,25,OFU-06,spiral,,,,12m,-14.1737,-169.682,"10,11",14.0208,"27,28",13.716,"40,41",11.8872,"89,90",12.4968,2,13.4112,C,N:\Fixed_Sites\SAMOA\OFU\OCC-OFU-014\2026\20260606_OCC-OFU-014_SE2602_PRIA_SAMOA,Yes,7412,75.5,"Should do a box, not a spiral. On a slope (32-50ft) and very rugose - lots of ups and downs on a spiral",Very rugose and on a steep slope. Hard to get ~1 m above seafloor in some places because half of photo is ~1 m above seafloor while other half of image might be less or more due to the steep slope and also high rugosity.,BHEDGER,,No,No,,,,,,,,,,,,,,,,,,,,,,,,,,,,,,,,,,,,,
SE2602,6/6/2026,Leg 2,JNS,Oceanography,OCC-OFU-002,OFU,25,OFU-09,spiral,,,,12m,-14.1575,-169.674,"10,11",15.8496,"27,28",15.24,"40,41",14.6304,"89,90",15.8496,2,14.3256,C,N:\Fixed_Sites\SAMOA\OFU\OCC-OFU-002\2026\20260606_OCC-OFU-002_SE2602_PRIA_SAMOA,Yes,5495,64.5,,Cap on random stake not on reference stake.,BHEDGER,,No,No,,,,,,,,,,,,,,,,,,,,,,,,,,,,,,,,,,,,,
SE2602,6/8/2026,Leg 2,J_M,Oceanography,OCC-OFU-009,OFU,25,OFU-54,spiral,,,,12m,-14.1808,-169.652,"10,11",15.24,"27,28",17.0688,"40,41",15.5448,"89,90",16.1544,2,14.6304,C,N:\Fixed_Sites\SAMOA\OFU\OCC-OFU-009\2026\20260608_OCC-OFU-009_SE2602_PRIA_SAMOA,Yes,5740,71,,,CEA,,No,No,,,,,,,,,,,,,,,,,,,,,,,,,,,,,,,,,,,,,
SE2602,6/8/2026,Leg 2,J_M,Oceanography,OCC-OFU-009,OFU,25,OFU-54,spiral,,,,12m,-14.1805,-169.652,"10,11",15.24,"27,28",17.0688,"40,41",15.5448,"89,90",16.1544,2,14.6304,C,N:\Fixed_Sites\SAMOA\OFU\OCC-OFU-009\2026\20260608_OCC-OFU-009_SE2602_PRIA_SAMOA,Yes,5740,71,,,CEA,,No,No,,,,,,,,,,,,,,,,,,,,,,,,,,,,,,,,,,,,,
SE2602,6/8/2026,Leg 2,J_M,Oceanography,OCC-OFU-009,OFU,25,OFU-54,spiral,,,,12m,-14.1803,-169.652,"10,11",15.24,"27,28",17.0688,"40,41",15.5448,"89,90",16.1544,2,14.6304,C,N:\Fixed_Sites\SAMOA\OFU\OCC-OFU-009\2026\20260608_OCC-OFU-009_SE2602_PRIA_SAMOA,Yes,5740,71,,,CEA,,No,No,,,,,,,,,,,,,,,,,,,,,,,,,,,,,,,,,,,,,
SE2602,6/8/2026,Leg 2,J_M,Oceanography,OCC-OFU-009,OFU,25,OFU-54,spiral,,,,12m,-14.1807,-169.652,"10,11",15.24,"27,28",17.0688,"40,41",15.5448,"89,90",16.1544,2,14.6304,C,N:\Fixed_Sites\SAMOA\OFU\OCC-OFU-009\2026\20260608_OCC-OFU-009_SE2602_PRIA_SAMOA,Yes,5740,71,,,CEA,,No,No,,,,,,,,,,,,,,,,,,,,,,,,,,,,,,,,,,,,,
SE2602,6/8/2026,Leg 2,J_M,Oceanography,OCC-OFU-009,OFU,25,OFU-54,spiral,,,,12m,-14.1807,-169.652,"10,11",15.24,"27,28",17.0688,"40,41",15.5448,"89,90",16.1544,2,14.6304,C,N:\Fixed_Sites\SAMOA\OFU\OCC-OFU-009\2026\20260608_OCC-OFU-009_SE2602_PRIA_SAMOA,Yes,5740,71,,,CEA,,No,No,,,,,,,,,,,,,,,,,,,,,,,,,,,,,,,,,,,,,
SE2602,6/8/2026,Leg 2,J_M,Oceanography,OCC-OFU-009,OFU,25,OFU-54,spiral,,,,12m,-14.1807,-169.652,"10,11",15.24,"27,28",17.0688,"40,41",15.5448,"89,90",16.1544,2,14.6304,C,N:\Fixed_Sites\SAMOA\OFU\OCC-OFU-009\2026\20260608_OCC-OFU-009_SE2602_PRIA_SAMOA,Yes,5740,71,,,CEA,,No,No,,,,,,,,,,,,,,,,,,,,,,,,,,,,,,,,,,,,,
SE2602,6/1/2026,Leg 2,JV,Fish,,OFU,16,OFU-1435,belt,,Forereef,Shallow,3x20m,-14.163,-169.636,"3,4",6.096,"37,38",5.4864,"57,58",3.9624,"67,68",4.2672,NA,NA,,N:\StRS_Sites\2026\SE2602_PRIA_SAMOA_SAMOA\OFU\OFU-1435,Yes,1836,22.8,,,CA,NA,No,No,,completed,,,,PICBLUEFIN,,,,,,,,,,,,,,4,,,,,,,,,,,,,,,,,
SE2602,4/24/2026,Leg 1,RML,Fish,,PAL,5,PAL-5256,belt,,Forereef,Deep,3x15m,5.897444,-162.099,"21,22",20.4216,"23,24",20.4216,"79,80",20.7264,,NA,NA,NA,,N:\StRS_Sites\2026\SE2602_Line_PRIAs\PAL\PAL-5256,Yes,1514,16.4,,,RML,NA,No,No,,completed,,,,PICBELUGA,,,,,,lots of small-med holes and some warping,,,,,,,,5,,,,,,,,,,,,,,,,,
SE2602,5/2/2026,Leg 1,MNW,Fish,,JAR,21,JAR-2152,belt,,Forereef,Shallow,3x20m,-0.36278,-159.998,"17,18",6.096,"37,38",4.8768,"57,58",4.8768,"67,68",5.7912,NA,NA,,N:\StRS_Sites\2026\SE2602_Line_PRIAs\JAR\JAR-2152,Yes,3132,38.9,7ft away from 2175,Very surgey,MNW,NA,No,No,,completed,,,,PICBELUGA,,,,,,,,,,,,,,5,,,,,,,,,,,,,,,,,
SE2602,6/7/2026,Leg 2,JNS,Oceanography,OCC-ROS-010,ROS,23,ROS-07,box,,,,10x10m,-14.5487,-168.169,"10,11",14.0208,"27,28",17.3736,"40,41",14.0208,"89,90",16.4592,2,14.6304,C,N:\Fixed_Sites\SAMOA\ROS\OCC-ROS-010\2026\20260607_OCC-ROS-010_SE2602_PRIA_SAMOA,Yes,3243,37.1,Swam a box because super steep,,J_M,,No,No,,,,,,,,,,,,,,,,,,,,,,,,,,,,,,,,,,,,,
SE2602,5/29/2026,Leg 2,TO,Oceanography,OCC-ROS-002,ROS,20,ROS-787,box,,,,10x10m,-14.539,-168.146,"10,11",14.0208,"27,28",14.9352,"40,41",13.4112,"89,90",15.24,2,13.4112,C,N:\Fixed_Sites\SAMOA\ROS\OCC-ROS-002\2026\20260529_OCC-ROS-002_SE2602_PRIA_SAMOA,Yes,3056,36.4,,,J_M,,No,No,,,,,,,,,,,,,,,,,,,,,,,,,,,,,,,,,,,,,
SE2602,7/9/2026,Leg 3,J_M,Oceanography,OCC-SWA-003,SWA,18,SWA-40,spiral,,,,10x10m,-11.0525,-171.065,"10,11",17.3736,"27,28",18.8976,"40,41",13.1064,"89,90",13.4112,2,14.3256,C,N:\Fixed_Sites\SAMOA\SWA\OCC-SWA-003\2026\20260709_OCC-SWA-003_SE2602_PRIA_SAMOA,Yes,4052,52.6,"Did a box instead of a spiral, very steep. CLL swam bottom half first, MSL swam top half (shallow) second.","Error 20 ~4 times on shallow half
 Some photos with blue water in the back but if removed might cause a hole in the model. Large coral bommie so hard to avoid if we wanted to capture it",MSL,,No,No,,,,,,,,,,,,,,,,,,,,,,,,,,,,,,,,,,,,,
SE2602,7/9/2026,Leg 3,J_M,Oceanography,OCC-SWA-003,SWA,18,SWA-40,spiral,,,,10x10m,-11.0525,-171.065,"10,11",17.3736,"27,28",18.8976,"40,41",13.1064,"89,90",13.4112,2,14.3256,C,N:\Fixed_Sites\SAMOA\SWA\OCC-SWA-003\2026\20260709_OCC-SWA-003_SE2602_PRIA_SAMOA,Yes,4052,52.6,"Did a box instead of a spiral, very steep. CLL swam bottom half first, MSL swam top half (shallow) second.","Error 20 ~4 times on shallow half
 Some photos with blue water in the back but if removed might cause a hole in the model. Large coral bommie so hard to avoid if we wanted to capture it",MSL,,No,No,,,,,,,,,,,,,,,,,,,,,,,,,,,,,,,,,,,,,
SE2602,7/9/2026,Leg 3,J_M,Oceanography,OCC-SWA-003,SWA,18,SWA-40,spiral,,,,10x10m,-11.0526,-171.065,"10,11",17.3736,"27,28",18.8976,"40,41",13.1064,"89,90",13.4112,2,14.3256,C,N:\Fixed_Sites\SAMOA\SWA\OCC-SWA-003\2026\20260709_OCC-SWA-003_SE2602_PRIA_SAMOA,Yes,4052,52.6,"Did a box instead of a spiral, very steep. CLL swam bottom half first, MSL swam top half (shallow) second.","Error 20 ~4 times on shallow half
 Some photos with blue water in the back but if removed might cause a hole in the model. Large coral bommie so hard to avoid if we wanted to capture it",MSL,,No,No,,,,,,,,,,,,,,,,,,,,,,,,,,,,,,,,,,,,,
SE2602,7/10/2026,Leg 3,ZTT,Oceanography,OCC-SWA-007,SWA,19,SWA-41,box,,,,10x10m,-11.0587,-171.091,"10,11",14.0208,"27,28",14.3256,"40,41",11.2776,"89,90",11.2776,1,12.8016,C,N:\Fixed_Sites\SAMOA\SWA\OCC-SWA-007\2026\20260710_OCC-SWA-007_SE2602_PRIA_SAMOA,Yes,4509,57.2,,,LLUERS,,No,No,,,,,,,,,,,,,,,,,,,,,,,,,,,,,,,,,,,,,
SE2602,7/10/2026,Leg 3,ZTT,Oceanography,OCC-SWA-007,SWA,19,SWA-41,box,,,,10x10m,-11.0586,-171.091,"10,11",14.0208,"27,28",14.3256,"40,41",11.2776,"89,90",11.2776,1,12.8016,C,N:\Fixed_Sites\SAMOA\SWA\OCC-SWA-007\2026\20260710_OCC-SWA-007_SE2602_PRIA_SAMOA,Yes,4509,57.2,,,LLUERS,,No,No,,,,,,,,,,,,,,,,,,,,,,,,,,,,,,,,,,,,,
SE2602,7/10/2026,Leg 3,ZTT,Oceanography,OCC-SWA-007,SWA,19,SWA-41,box,,,,10x10m,-11.0586,-171.091,"10,11",14.0208,"27,28",14.3256,"40,41",11.2776,"89,90",11.2776,1,12.8016,C,N:\Fixed_Sites\SAMOA\SWA\OCC-SWA-007\2026\20260710_OCC-SWA-007_SE2602_PRIA_SAMOA,Yes,4509,57.2,,,LLUERS,,No,No,,,,,,,,,,,,,,,,,,,,,,,,,,,,,,,,,,,,,
SE2602,7/10/2026,Leg 3,ZTT,Oceanography,OCC-SWA-007,SWA,19,SWA-41,box,,,,10x10m,-11.0587,-171.091,"10,11",14.0208,"27,28",14.3256,"40,41",11.2776,"89,90",11.2776,1,12.8016,C,N:\Fixed_Sites\SAMOA\SWA\OCC-SWA-007\2026\20260710_OCC-SWA-007_SE2602_PRIA_SAMOA,Yes,4509,57.2,,,LLUERS,,No,No,,,,,,,,,,,,,,,,,,,,,,,,,,,,,,,,,,,,,
SE2602,5/28/2026,Leg 2,JNS,Oceanography,OCC-TAU-005,TAU,12,TAU-07,spiral,,,,12m,-14.2272,-169.418,"10,11",14.3256,"27,28",14.6304,"40,41",13.4112,"89,90",13.4112,2,13.1064,C,N:\Fixed_Sites\SAMOA\TAU\OCC-TAU-005\2026\20260528_OCC-TAU-005_SE2602_PRIA_SAMOA,Yes,5878,69.1,,,J_M,,No,No,,,,,,,,,,,,,,,,,,,,,,,,,,,,,,,,,,,,,
SE2602,5/28/2026,Leg 2,JNS,Oceanography,OCC-TAU-005,TAU,12,TAU-07,spiral,,,,12m,-14.2274,-169.418,"10,11",14.3256,"27,28",14.6304,"40,41",13.4112,"89,90",13.4112,2,13.1064,C,N:\Fixed_Sites\SAMOA\TAU\OCC-TAU-005\2026\20260528_OCC-TAU-005_SE2602_PRIA_SAMOA,Yes,5878,69.1,,,J_M,,No,No,,,,,,,,,,,,,,,,,,,,,,,,,,,,,,,,,,,,,
SE2602,5/27/2026,Leg 2,CEA,Oceanography,OCC-TAU-011,TAU,23,TAU-12,box,,,,10x10m,-14.2576,-169.501,"10,11",15.8496,"27,28",14.3256,"40,41",14.9352,"89,90",15.8496,2,14.3256,C,N:\Fixed_Sites\SAMOA\TAU\OCC-TAU-011\2026\20260527_OCC-TAU-011_SE2602_PRIA_SAMOA,Yes,4689,53.6,,,J_M,,No,No,,,,,,,,,,,,,,,,,,,,,,,,,,,,,,,,,,,,,
SE2602,6/2/2026,Leg 2,JDG,Oceanography,OCC-TUT-002,TUT,8,TUT-72,spiral,,,,12m,-14.2446,-170.66,"21,22",15.24,"23,24",14.9352,"79,80",,"96,97",13.4112,2,14.3256,C,N:\Fixed_Sites\SAMOA\TUT\OCC-TUT-002\2026\20260602_OCC-TUT-002_SE2602_PRIA_SAMOA,Yes,4473,51.3,,,J_M,,No,No,,,,,,,,,,,,,,,,,,,,,,,,,,,,,,,,,,,,,
SE2602,6/2/2026,Leg 2,JDG,Oceanography,OCC-TUT-002,TUT,8,TUT-72,spiral,,,,12m,-14.2447,-170.66,"21,22",15.24,"23,24",14.9352,"79,80",,"96,97",13.4112,2,14.3256,C,N:\Fixed_Sites\SAMOA\TUT\OCC-TUT-002\2026\20260602_OCC-TUT-002_SE2602_PRIA_SAMOA,Yes,4473,51.3,,,J_M,,No,No,,,,,,,,,,,,,,,,,,,,,,,,,,,,,,,,,,,,,
SE2602,5/23/2026,Leg 2,JDG,Oceanography,OCC-TUT-022,TUT,28,TUT-74,spiral,,,,12m,-14.2945,-170.812,"10,11",16.1544,"27,28",15.8496,"40,41",14.9352,"89,90",15.24,2,14.9352,C,N:\Fixed_Sites\SAMOA\TUT\OCC-TUT-022\2026\20260523_OCC-TUT-022_SE2602_PRIA_SAMOA,Yes,5566,69.4,,,J_M,,No,No,,,,,,,,,,,,,,,,,,,,,,,,,,,,,,,,,,,,,
SE2602,5/23/2026,Leg 2,JDG,Oceanography,OCC-TUT-022,TUT,28,TUT-74,spiral,,,,12m,-14.2946,-170.812,"10,11",16.1544,"27,28",15.8496,"40,41",14.9352,"89,90",15.24,2,14.9352,C,N:\Fixed_Sites\SAMOA\TUT\OCC-TUT-022\2026\20260523_OCC-TUT-022_SE2602_PRIA_SAMOA,Yes,5566,69.4,,,J_M,,No,No,,,,,,,,,,,,,,,,,,,,,,,,,,,,,,,,,,,,,
SE2602,5/23/2026,Leg 2,JDG,Oceanography,OCC-TUT-022,TUT,28,TUT-74,spiral,,,,12m,-14.2949,-170.812,"10,11",16.1544,"27,28",15.8496,"40,41",14.9352,"89,90",15.24,2,14.9352,C,N:\Fixed_Sites\SAMOA\TUT\OCC-TUT-022\2026\20260523_OCC-TUT-022_SE2602_PRIA_SAMOA,Yes,5566,69.4,,,J_M,,No,No,,,,,,,,,,,,,,,,,,,,,,,,,,,,,,,,,,,,,
SE2602,5/22/2026,Leg 2,JDG,Oceanography,OCC-TUT-017,TUT,21,TUT-75,spiral,,,,12m,-14.3635,-170.763,"10,11",16.4592,"27,28",15.24,"40,41",15.24,"89,90",16.4592,2,14.6304,C,N:\Fixed_Sites\SAMOA\TUT\OCC-TUT-017\2026\20260522_OCC-TUT-017_SE2602_PRIA_SAMOA,Yes,5504,63.9,,,J_M,,No,No,,,,,,,,,,,,,,,,,,,,,,,,,,,,,,,,,,,,,
SE2602,5/22/2026,Leg 2,JDG,Oceanography,OCC-TUT-017,TUT,21,TUT-75,spiral,,,,12m,-14.3631,-170.763,"10,11",16.4592,"27,28",15.24,"40,41",15.24,"89,90",16.4592,2,14.6304,C,N:\Fixed_Sites\SAMOA\TUT\OCC-TUT-017\2026\20260522_OCC-TUT-017_SE2602_PRIA_SAMOA,Yes,5504,63.9,,,J_M,,No,No,,,,,,,,,,,,,,,,,,,,,,,,,,,,,,,,,,,,,
SE2602,5/22/2026,Leg 2,JDG,Oceanography,OCC-TUT-017,TUT,21,TUT-75,spiral,,,,12m,-14.3635,-170.764,"10,11",16.4592,"27,28",15.24,"40,41",15.24,"89,90",16.4592,2,14.6304,C,N:\Fixed_Sites\SAMOA\TUT\OCC-TUT-017\2026\20260522_OCC-TUT-017_SE2602_PRIA_SAMOA,Yes,5504,63.9,,,J_M,,No,No,,,,,,,,,,,,,,,,,,,,,,,,,,,,,,,,,,,,,
